## vdj_pipe v0.1.5-15-gffd7271~; clang7.0.2; Boost1.57.0; build:20160217; 2016-Feb-17 21:22:21 UTC
read_id	total_copies	exact_copies	mismatched_ends	5'-mismatch	3'-mismatch
IS9DOBB01BCD9T	4	4	0	0	0
IS9DOBB01ERHLX	1	1	0	0	0
IS9DOBB01AN9KE	1	1	0	0	0
IS9DOBB01A6B0G	1	1	0	0	0
IS9DOBB01A2RK7	8	8	0	0	0
IS9DOBB01DEUDR	678	678	0	0	0
IS9DOBB01A2D05	6	6	0	0	0
IS9DOBB01A6RV7	2	2	0	0	0
IS9DOBB01AK3PQ	50	50	0	0	0
IS9DOBB01C58ZB	394	394	0	0	0
IS9DOBB01C4UFL	2	2	0	0	0
IS9DOBB01ATO9A	4	4	0	0	0
IS9DOBB01B0WXQ	2	2	0	0	0
IS9DOBB01ASKJ5	26	26	0	0	0
IS9DOBB01BAKBN	1757	1757	0	0	0
IS9DOBB01A2UOC	1	1	0	0	0
IS9DOBB01A9EWT	1	1	0	0	0
IS9DOBB01DS9FN	4	4	0	0	0
IS9DOBB01BFW8O	2	2	0	0	0
IS9DOBB01AS9AW	3	3	0	0	0
IS9DOBB01DOOXO	35	35	0	0	0
IS9DOBB01BE03J	13	13	0	0	0
IS9DOBB01COE4S	1	1	0	0	0
IS9DOBB01EMBY0	122	122	0	0	0
IS9DOBB01AVNTS	4	4	0	0	0
IS9DOBB01DOK4R	1	1	0	0	0
IS9DOBB01BBMIG	1	1	0	0	0
IS9DOBB01AKBLD	1	1	0	0	0
IS9DOBB01A6GA9	5	5	0	0	0
IS9DOBB01ENPT0	1	1	0	0	0
IS9DOBB01EUBGR	5	5	0	0	0
IS9DOBB01DFPYT	7	7	0	0	0
IS9DOBB01B4U08	1	1	0	0	0
IS9DOBB01AUEHN	57	57	0	0	0
IS9DOBB01AS6G4	4	4	0	0	0
IS9DOBB01B312H	1	1	0	0	0
IS9DOBB01B2KB4	52	52	0	0	0
IS9DOBB01B9RUK	1	1	0	0	0
IS9DOBB01ALMPY	169	169	0	0	0
IS9DOBB01CGC0L	1	1	0	0	0
IS9DOBB01D4R51	1	1	0	0	0
IS9DOBB01EM0IB	190	190	0	0	0
IS9DOBB01AOONG	3	3	0	0	0
IS9DOBB01AW058	2	2	0	0	0
IS9DOBB01C6R3W	8	8	0	0	0
IS9DOBB01A5TTE	1	1	0	0	0
IS9DOBB01BADIE	1	1	0	0	0
IS9DOBB01DNQ3N	3	3	0	0	0
IS9DOBB01BIMC7	1	1	0	0	0
IS9DOBB01AYI2K	3	3	0	0	0
IS9DOBB01EUZVK	1	1	0	0	0
IS9DOBB01C7HLE	1	1	0	0	0
IS9DOBB01AKH7E	59	59	0	0	0
IS9DOBB01AV619	2	2	0	0	0
IS9DOBB01DPRM3	1	1	0	0	0
IS9DOBB01AJLZH	2	2	0	0	0
IS9DOBB01C6RJG	1	1	0	0	0
IS9DOBB01BFDXM	1	1	0	0	0
IS9DOBB01CSPYJ	1	1	0	0	0
IS9DOBB01EAPG4	6	6	0	0	0
IS9DOBB01CH3SN	1	1	0	0	0
IS9DOBB01DD265	2	2	0	0	0
IS9DOBB01ALNDV	2	2	0	0	0
IS9DOBB01CLF8A	14	14	0	0	0
IS9DOBB01D58ZO	3	3	0	0	0
IS9DOBB01CFXK2	4	4	0	0	0
IS9DOBB01ALSMS	5	5	0	0	0
IS9DOBB01AHOHG	14	14	0	0	0
IS9DOBB01EFW3B	4	4	0	0	0
IS9DOBB01BN3MT	17	17	0	0	0
IS9DOBB01CW7DQ	62	62	0	0	0
IS9DOBB01CYF9V	19	19	0	0	0
IS9DOBB01DE3UK	1	1	0	0	0
IS9DOBB01A298C	1	1	0	0	0
IS9DOBB01AVTEV	1	1	0	0	0
IS9DOBB01ENSLW	33	33	0	0	0
IS9DOBB01C73AG	2	2	0	0	0
IS9DOBB01AWDAN	43	43	0	0	0
IS9DOBB01EL77A	25	25	0	0	0
IS9DOBB01AYZI0	10	10	0	0	0
IS9DOBB01BCQ48	3	3	0	0	0
IS9DOBB01DQBOU	1	1	0	0	0
IS9DOBB01AROLA	3	3	0	0	0
IS9DOBB01CE1TW	32	32	0	0	0
IS9DOBB01BBX61	3	3	0	0	0
IS9DOBB01AX0JJ	1	1	0	0	0
IS9DOBB01CBCZM	8	8	0	0	0
IS9DOBB01ASW4O	1	1	0	0	0
IS9DOBB01ADQJ0	3	3	0	0	0
IS9DOBB01ASWZV	5	5	0	0	0
IS9DOBB01DP6B0	1	1	0	0	0
IS9DOBB01AQA04	8	8	0	0	0
IS9DOBB01AOJLD	1	1	0	0	0
IS9DOBB01DI56V	1	1	0	0	0
IS9DOBB01EMN5Q	1	1	0	0	0
IS9DOBB01ESNU8	2	2	0	0	0
IS9DOBB01BQTQ7	1	1	0	0	0
IS9DOBB01EZKIO	1	1	0	0	0
IS9DOBB01DL4WI	1	1	0	0	0
IS9DOBB01A8AFP	1	1	0	0	0
IS9DOBB01ANBOQ	1	1	0	0	0
IS9DOBB01A4LN3	10	10	0	0	0
IS9DOBB01ECGZY	18	18	0	0	0
IS9DOBB01EGJBR	1	1	0	0	0
IS9DOBB01CF9JG	7	7	0	0	0
IS9DOBB01ANZZX	3	3	0	0	0
IS9DOBB01B2TS2	1	1	0	0	0
IS9DOBB01EC4GL	28	28	0	0	0
IS9DOBB01DWSKS	2	2	0	0	0
IS9DOBB01CPIPH	1	1	0	0	0
IS9DOBB01DV5K6	1	1	0	0	0
IS9DOBB01EC9CL	1	1	0	0	0
IS9DOBB01DQ50X	6	6	0	0	0
IS9DOBB01CS2SU	7	7	0	0	0
IS9DOBB01CTY46	1	1	0	0	0
IS9DOBB01EKZWG	3	3	0	0	0
IS9DOBB01AUK4L	1	1	0	0	0
IS9DOBB01DBU38	1	1	0	0	0
IS9DOBB01D3VF5	3	3	0	0	0
IS9DOBB01CP32F	3	3	0	0	0
IS9DOBB01EJLWE	1	1	0	0	0
IS9DOBB01B1PJ2	1	1	0	0	0
IS9DOBB01ATYJN	3	3	0	0	0
IS9DOBB01DSU6O	1	1	0	0	0
IS9DOBB01C5U1L	11	11	0	0	0
IS9DOBB01AR7C3	3	3	0	0	0
IS9DOBB01DZC1V	1	1	0	0	0
IS9DOBB01DLQ12	1	1	0	0	0
IS9DOBB01BMY4Y	1	1	0	0	0
IS9DOBB01A1KAG	1	1	0	0	0
IS9DOBB01B11DP	3	3	0	0	0
IS9DOBB01AF0JM	16	16	0	0	0
IS9DOBB01C2AUQ	3	3	0	0	0
IS9DOBB01ASGWR	51	51	0	0	0
IS9DOBB01ESGM7	3	3	0	0	0
IS9DOBB01DHKXN	2	2	0	0	0
IS9DOBB01DBS8T	2	2	0	0	0
IS9DOBB01BUIL8	3	3	0	0	0
IS9DOBB01BHX6H	2	2	0	0	0
IS9DOBB01EOYLO	1	1	0	0	0
IS9DOBB01AJIZQ	1	1	0	0	0
IS9DOBB01EKCBC	1	1	0	0	0
IS9DOBB01DWOBU	2	2	0	0	0
IS9DOBB01DRHS2	2	2	0	0	0
IS9DOBB01B412V	1	1	0	0	0
IS9DOBB01AX4FT	5	5	0	0	0
IS9DOBB01C5PD6	1	1	0	0	0
IS9DOBB01BAAC4	2	2	0	0	0
IS9DOBB01DTVWA	5	5	0	0	0
IS9DOBB01DTTJX	1	1	0	0	0
IS9DOBB01D5KCN	34	34	0	0	0
IS9DOBB01D8L5I	1	1	0	0	0
IS9DOBB01EMOMK	1	1	0	0	0
IS9DOBB01A0DOF	5	5	0	0	0
IS9DOBB01CXP1N	1	1	0	0	0
IS9DOBB01ATIY1	1	1	0	0	0
IS9DOBB01CB17K	1	1	0	0	0
IS9DOBB01BSQV5	5	5	0	0	0
IS9DOBB01DNAHI	1	1	0	0	0
IS9DOBB01CJEXL	2	2	0	0	0
IS9DOBB01AM1DR	2	2	0	0	0
IS9DOBB01ES8KH	1	1	0	0	0
IS9DOBB01EEMUD	1	1	0	0	0
IS9DOBB01DVDPI	4	4	0	0	0
IS9DOBB01A2EG0	1	1	0	0	0
IS9DOBB01CA5WS	12	12	0	0	0
IS9DOBB01BL3GC	7	7	0	0	0
IS9DOBB01AVT84	1	1	0	0	0
IS9DOBB01EBVCI	1	1	0	0	0
IS9DOBB01BCOVW	3	3	0	0	0
IS9DOBB01B6MPN	1	1	0	0	0
IS9DOBB01BM8UT	2	2	0	0	0
IS9DOBB01EU0BS	1	1	0	0	0
IS9DOBB01BHHIK	6	6	0	0	0
IS9DOBB01CXHR7	1	1	0	0	0
IS9DOBB01CVJXT	3	3	0	0	0
IS9DOBB01ADMU8	1	1	0	0	0
IS9DOBB01DK958	1	1	0	0	0
IS9DOBB01B1ZHU	23	23	0	0	0
IS9DOBB01B2AS9	1	1	0	0	0
IS9DOBB01EEAIA	2	2	0	0	0
IS9DOBB01DN6NG	1	1	0	0	0
IS9DOBB01C2VW6	6	6	0	0	0
IS9DOBB01DDW8L	4	4	0	0	0
IS9DOBB01BRN5K	3	3	0	0	0
IS9DOBB01DXP2D	3	3	0	0	0
IS9DOBB01DCCA1	2	2	0	0	0
IS9DOBB01CWPL6	1	1	0	0	0
IS9DOBB01CPAYK	1	1	0	0	0
IS9DOBB01B0HRV	2	2	0	0	0
IS9DOBB01CLZ0Q	1	1	0	0	0
IS9DOBB01ARYZO	2	2	0	0	0
IS9DOBB01DLI99	1	1	0	0	0
IS9DOBB01AJ1LC	1	1	0	0	0
IS9DOBB01DTBLC	3	3	0	0	0
IS9DOBB01ASIXI	1	1	0	0	0
IS9DOBB01EBDDX	1	1	0	0	0
IS9DOBB01BRBUN	1	1	0	0	0
IS9DOBB01CVQVK	2	2	0	0	0
IS9DOBB01DXGJZ	1	1	0	0	0
IS9DOBB01BMVLZ	1	1	0	0	0
IS9DOBB01C4K9V	2	2	0	0	0
IS9DOBB01BAJ58	2	2	0	0	0
IS9DOBB01EJ95Z	1	1	0	0	0
IS9DOBB01ATMRC	3	3	0	0	0
IS9DOBB01BJF39	40	40	0	0	0
IS9DOBB01A2RHI	1	1	0	0	0
IS9DOBB01C0G1Y	13	13	0	0	0
IS9DOBB01BHXM2	5	5	0	0	0
IS9DOBB01AWSNF	1	1	0	0	0
IS9DOBB01D9PHX	3	3	0	0	0
IS9DOBB01C6RL9	1	1	0	0	0
IS9DOBB01B1UR3	1	1	0	0	0
IS9DOBB01ECTIG	2	2	0	0	0
IS9DOBB01DUK10	2	2	0	0	0
IS9DOBB01A55ZG	1	1	0	0	0
IS9DOBB01BH4CD	3	3	0	0	0
IS9DOBB01DJ0V4	4	4	0	0	0
IS9DOBB01ASE4V	11	11	0	0	0
IS9DOBB01DS8SZ	10	10	0	0	0
IS9DOBB01DMKI7	6	6	0	0	0
IS9DOBB01CO8DF	1	1	0	0	0
IS9DOBB01DP7Y5	1	1	0	0	0
IS9DOBB01CS0S4	1	1	0	0	0
IS9DOBB01BJ4NT	1	1	0	0	0
IS9DOBB01C6G7M	1	1	0	0	0
IS9DOBB01C87YS	1	1	0	0	0
IS9DOBB01EN49B	5	5	0	0	0
IS9DOBB01EQZG2	1	1	0	0	0
IS9DOBB01C06EG	3	3	0	0	0
IS9DOBB01EO1F2	45	45	0	0	0
IS9DOBB01C35TM	1	1	0	0	0
IS9DOBB01DMTY4	1	1	0	0	0
IS9DOBB01BCW1V	1	1	0	0	0
IS9DOBB01AQTCA	5	5	0	0	0
IS9DOBB01CB72A	2	2	0	0	0
IS9DOBB01D0TQ4	4	4	0	0	0
IS9DOBB01EJ2FJ	1	1	0	0	0
IS9DOBB01B9C1F	4	4	0	0	0
IS9DOBB01CLWJQ	1	1	0	0	0
IS9DOBB01CJESB	3	3	0	0	0
IS9DOBB01C5I81	7	7	0	0	0
IS9DOBB01CQCFS	34	34	0	0	0
IS9DOBB01EY17X	3	3	0	0	0
IS9DOBB01DW7AV	1	1	0	0	0
IS9DOBB01ERQ6G	1	1	0	0	0
IS9DOBB01CMVBC	2	2	0	0	0
IS9DOBB01CJB36	2	2	0	0	0
IS9DOBB01BZMM1	1	1	0	0	0
IS9DOBB01C35UJ	1	1	0	0	0
IS9DOBB01AJIH4	3	3	0	0	0
IS9DOBB01DM5LR	10	10	0	0	0
IS9DOBB01C7630	2	2	0	0	0
IS9DOBB01EF99A	1	1	0	0	0
IS9DOBB01DW6OK	2	2	0	0	0
IS9DOBB01ASBQL	1	1	0	0	0
IS9DOBB01DGP9T	3	3	0	0	0
IS9DOBB01DS4ZP	1	1	0	0	0
IS9DOBB01D66W4	1	1	0	0	0
IS9DOBB01EMYIW	2	2	0	0	0
IS9DOBB01EGS9N	5	5	0	0	0
IS9DOBB01DNUWB	1	1	0	0	0
IS9DOBB01DUOXI	1	1	0	0	0
IS9DOBB01A6VZD	3	3	0	0	0
IS9DOBB01AGP9L	1	1	0	0	0
IS9DOBB01C532O	1	1	0	0	0
IS9DOBB01D3GGU	10	10	0	0	0
IS9DOBB01DCD88	4	4	0	0	0
IS9DOBB01D34M1	3	3	0	0	0
IS9DOBB01CWARJ	1	1	0	0	0
IS9DOBB01A8XF9	2	2	0	0	0
IS9DOBB01ENG0C	10	10	0	0	0
IS9DOBB01A52UA	2	2	0	0	0
IS9DOBB01APO2U	1	1	0	0	0
IS9DOBB01DMBEF	3	3	0	0	0
IS9DOBB01EDSW3	2	2	0	0	0
IS9DOBB01DN4P2	8	8	0	0	0
IS9DOBB01DX08X	5	5	0	0	0
IS9DOBB01CKPDX	1	1	0	0	0
IS9DOBB01EB7J1	32	32	0	0	0
IS9DOBB01DWCD2	1	1	0	0	0
IS9DOBB01BEOF7	1	1	0	0	0
IS9DOBB01A3SOI	1	1	0	0	0
IS9DOBB01EMEN1	5	5	0	0	0
IS9DOBB01AZN2R	2	2	0	0	0
IS9DOBB01DXGQE	1	1	0	0	0
IS9DOBB01BX286	1	1	0	0	0
IS9DOBB01A3L3O	2	2	0	0	0
IS9DOBB01DY617	4	4	0	0	0
IS9DOBB01DJOK7	11	11	0	0	0
IS9DOBB01AMVLN	3	3	0	0	0
IS9DOBB01CV5QE	20	20	0	0	0
IS9DOBB01B12JA	3	3	0	0	0
IS9DOBB01BGWF5	9	9	0	0	0
IS9DOBB01BTZN0	15	15	0	0	0
IS9DOBB01BZBXS	2	2	0	0	0
IS9DOBB01D5JF1	6	6	0	0	0
IS9DOBB01ED1Q8	1	1	0	0	0
IS9DOBB01CLTSP	1	1	0	0	0
IS9DOBB01DIKIR	1	1	0	0	0
IS9DOBB01DMBKN	14	14	0	0	0
IS9DOBB01ED296	2	2	0	0	0
IS9DOBB01AJYHH	1	1	0	0	0
IS9DOBB01DLDZ4	4	4	0	0	0
IS9DOBB01BWIVN	3	3	0	0	0
IS9DOBB01EAB1J	12	12	0	0	0
IS9DOBB01DSY3G	1	1	0	0	0
IS9DOBB01BL0E7	1	1	0	0	0
IS9DOBB01AKHJW	9	9	0	0	0
IS9DOBB01DUU63	3	3	0	0	0
IS9DOBB01C2PS3	1	1	0	0	0
IS9DOBB01EM7HQ	2	2	0	0	0
IS9DOBB01AWK8Y	1	1	0	0	0
IS9DOBB01EGU8K	1	1	0	0	0
IS9DOBB01CZBKC	3	3	0	0	0
IS9DOBB01A8G15	1	1	0	0	0
IS9DOBB01BGCF8	2	2	0	0	0
IS9DOBB01BIMET	2	2	0	0	0
IS9DOBB01ARRLY	1	1	0	0	0
IS9DOBB01EZ9NZ	1	1	0	0	0
IS9DOBB01CWCMX	5	5	0	0	0
IS9DOBB01DH6UL	13	13	0	0	0
IS9DOBB01D4H26	1	1	0	0	0
IS9DOBB01AKRQ2	1	1	0	0	0
IS9DOBB01DOX9R	1	1	0	0	0
IS9DOBB01A90UD	1	1	0	0	0
IS9DOBB01EDWSM	1	1	0	0	0
IS9DOBB01DAP7P	1	1	0	0	0
IS9DOBB01AE5BL	6	6	0	0	0
IS9DOBB01A3WW7	1	1	0	0	0
IS9DOBB01DBHRA	8	8	0	0	0
IS9DOBB01BWZWR	2	2	0	0	0
IS9DOBB01DPM3Z	3	3	0	0	0
IS9DOBB01D5XIA	2	2	0	0	0
IS9DOBB01BZO32	2	2	0	0	0
IS9DOBB01DH7H9	3	3	0	0	0
IS9DOBB01B711H	1	1	0	0	0
IS9DOBB01BLZFK	6	6	0	0	0
IS9DOBB01EO4FP	2	2	0	0	0
IS9DOBB01BPDZ2	1	1	0	0	0
IS9DOBB01DI8EB	4	4	0	0	0
IS9DOBB01B6IP2	1	1	0	0	0
IS9DOBB01C0KXJ	2	2	0	0	0
IS9DOBB01CMYHM	1	1	0	0	0
IS9DOBB01BLHG2	5	5	0	0	0
IS9DOBB01BJSJ7	1	1	0	0	0
IS9DOBB01DZ3I5	1	1	0	0	0
IS9DOBB01DMBDY	1	1	0	0	0
IS9DOBB01CU8WK	1	1	0	0	0
IS9DOBB01D2T2B	1	1	0	0	0
IS9DOBB01CZJEW	1	1	0	0	0
IS9DOBB01BOCH8	1	1	0	0	0
IS9DOBB01CHVNG	1	1	0	0	0
IS9DOBB01EY7BN	1	1	0	0	0
IS9DOBB01CQFP3	7	7	0	0	0
IS9DOBB01ANIM6	1	1	0	0	0
IS9DOBB01DOY83	1	1	0	0	0
IS9DOBB01DZK42	5	5	0	0	0
IS9DOBB01D6KEE	1	1	0	0	0
IS9DOBB01AGZGF	2	2	0	0	0
IS9DOBB01AW5UA	1	1	0	0	0
IS9DOBB01CBS7C	1	1	0	0	0
IS9DOBB01CAWK9	1	1	0	0	0
IS9DOBB01EGQDH	2	2	0	0	0
IS9DOBB01BEVZ3	3	3	0	0	0
IS9DOBB01CM497	1	1	0	0	0
IS9DOBB01CCYKP	1	1	0	0	0
IS9DOBB01BJV4O	5	5	0	0	0
IS9DOBB01DMIHG	4	4	0	0	0
IS9DOBB01DA3JW	2	2	0	0	0
IS9DOBB01AURTK	5	5	0	0	0
IS9DOBB01D6FPC	4	4	0	0	0
IS9DOBB01D0IW7	2	2	0	0	0
IS9DOBB01AU0V5	1	1	0	0	0
IS9DOBB01BA00H	1	1	0	0	0
IS9DOBB01CBL0Z	2	2	0	0	0
IS9DOBB01COAKF	1	1	0	0	0
IS9DOBB01A0ZGJ	1	1	0	0	0
IS9DOBB01CW0TH	1	1	0	0	0
IS9DOBB01EA7S4	1	1	0	0	0
IS9DOBB01A4OQ0	4	4	0	0	0
IS9DOBB01CKQXL	1	1	0	0	0
IS9DOBB01CRE70	2	2	0	0	0
IS9DOBB01AD84I	2	2	0	0	0
IS9DOBB01A2U2A	1	1	0	0	0
IS9DOBB01BRKFS	1	1	0	0	0
IS9DOBB01AESJC	5	5	0	0	0
IS9DOBB01EUJC1	2	2	0	0	0
IS9DOBB01AL8H3	1	1	0	0	0
IS9DOBB01C4U37	1	1	0	0	0
IS9DOBB01C5AM1	1	1	0	0	0
IS9DOBB01D9HXL	2	2	0	0	0
IS9DOBB01EJ8PV	1	1	0	0	0
IS9DOBB01ASWUB	1	1	0	0	0
IS9DOBB01D98R5	1	1	0	0	0
IS9DOBB01B7X96	2	2	0	0	0
IS9DOBB01B8QSN	1	1	0	0	0
IS9DOBB01DGMK9	2	2	0	0	0
IS9DOBB01CBPHC	1	1	0	0	0
IS9DOBB01BH3LN	1	1	0	0	0
IS9DOBB01CQMLY	1	1	0	0	0
IS9DOBB01AU7XC	4	4	0	0	0
IS9DOBB01DHNY8	2	2	0	0	0
IS9DOBB01EI9UH	1	1	0	0	0
IS9DOBB01D2TIA	1	1	0	0	0
IS9DOBB01DUBAB	3	3	0	0	0
IS9DOBB01EK2B9	2	2	0	0	0
IS9DOBB01C5Z9E	2	2	0	0	0
IS9DOBB01BHIYI	1	1	0	0	0
IS9DOBB01B6JAX	2	2	0	0	0
IS9DOBB01DDATB	1	1	0	0	0
IS9DOBB01B54H5	2	2	0	0	0
IS9DOBB01DHCOB	1	1	0	0	0
IS9DOBB01BIMF9	1	1	0	0	0
IS9DOBB01ET7YI	1	1	0	0	0
IS9DOBB01AQT44	4	4	0	0	0
IS9DOBB01EB4ZT	1	1	0	0	0
IS9DOBB01EU3SX	2	2	0	0	0
IS9DOBB01DLFKO	3	3	0	0	0
IS9DOBB01EF07G	1	1	0	0	0
IS9DOBB01DYCS6	5	5	0	0	0
IS9DOBB01ETPW6	3	3	0	0	0
IS9DOBB01B2EDP	1	1	0	0	0
IS9DOBB01DUCMU	2	2	0	0	0
IS9DOBB01CWWWQ	1	1	0	0	0
IS9DOBB01CVH8G	8	8	0	0	0
IS9DOBB01BD295	9	9	0	0	0
IS9DOBB01D5SLA	16	16	0	0	0
IS9DOBB01ERK31	1	1	0	0	0
IS9DOBB01D1BNE	4	4	0	0	0
IS9DOBB01DLX9V	1	1	0	0	0
IS9DOBB01D85U9	2	2	0	0	0
IS9DOBB01EQ1BC	4	4	0	0	0
IS9DOBB01BIO14	2	2	0	0	0
IS9DOBB01BUOEX	3	3	0	0	0
IS9DOBB01CQGVJ	1	1	0	0	0
IS9DOBB01EUMR1	3	3	0	0	0
IS9DOBB01D5GMW	1	1	0	0	0
IS9DOBB01DWHXA	1	1	0	0	0
IS9DOBB01D65NH	9	9	0	0	0
IS9DOBB01DQ6C4	2	2	0	0	0
IS9DOBB01B3E37	1	1	0	0	0
IS9DOBB01D1FQ5	1	1	0	0	0
IS9DOBB01BERAZ	1	1	0	0	0
IS9DOBB01B1PSY	5	5	0	0	0
IS9DOBB01BJXSS	3	3	0	0	0
IS9DOBB01CJINH	2	2	0	0	0
IS9DOBB01BQFTW	1	1	0	0	0
IS9DOBB01AQPSP	1	1	0	0	0
IS9DOBB01CCHV3	1	1	0	0	0
IS9DOBB01CR71J	1	1	0	0	0
IS9DOBB01C2BAA	1	1	0	0	0
IS9DOBB01C0ANH	2	2	0	0	0
IS9DOBB01AIAAR	3	3	0	0	0
IS9DOBB01CEZG1	5	5	0	0	0
IS9DOBB01CWPVJ	1	1	0	0	0
IS9DOBB01AMV3B	1	1	0	0	0
IS9DOBB01BHSSV	1	1	0	0	0
IS9DOBB01EHQVG	1	1	0	0	0
IS9DOBB01DJWIJ	1	1	0	0	0
IS9DOBB01DYYO6	1	1	0	0	0
IS9DOBB01DVKR3	1	1	0	0	0
IS9DOBB01DAPWR	1	1	0	0	0
IS9DOBB01EQ9H4	2	2	0	0	0
IS9DOBB01EFRY4	1	1	0	0	0
IS9DOBB01EATZH	2	2	0	0	0
IS9DOBB01BVQXI	1	1	0	0	0
IS9DOBB01AK4ET	1	1	0	0	0
IS9DOBB01BOH9N	2	2	0	0	0
IS9DOBB01BRVK1	2	2	0	0	0
IS9DOBB01A1V1R	1	1	0	0	0
IS9DOBB01D4QU7	1	1	0	0	0
IS9DOBB01C7KM1	2	2	0	0	0
IS9DOBB01C6KU3	1	1	0	0	0
IS9DOBB01CJQ1M	1	1	0	0	0
IS9DOBB01A77AV	1	1	0	0	0
IS9DOBB01BL025	2	2	0	0	0
IS9DOBB01ARCXW	2	2	0	0	0
IS9DOBB01BDEE4	1	1	0	0	0
IS9DOBB01D9A9M	3	3	0	0	0
IS9DOBB01CVCKD	1	1	0	0	0
IS9DOBB01AYIUD	1	1	0	0	0
IS9DOBB01C767O	3	3	0	0	0
IS9DOBB01EZXRU	1	1	0	0	0
IS9DOBB01EBEBP	5	5	0	0	0
IS9DOBB01D2ZUJ	2	2	0	0	0
IS9DOBB01CYUN7	1	1	0	0	0
IS9DOBB01ENW5M	1	1	0	0	0
IS9DOBB01BQRID	3	3	0	0	0
IS9DOBB01DZ745	1	1	0	0	0
IS9DOBB01ASOCX	1	1	0	0	0
IS9DOBB01B2V7D	7	7	0	0	0
IS9DOBB01BLEA1	1	1	0	0	0
IS9DOBB01DMKTC	3	3	0	0	0
IS9DOBB01AYIRB	1	1	0	0	0
IS9DOBB01BMGJ0	1	1	0	0	0
IS9DOBB01CKM1T	5	5	0	0	0
IS9DOBB01AN7WY	1	1	0	0	0
IS9DOBB01C54I7	1	1	0	0	0
IS9DOBB01CEQZK	1	1	0	0	0
IS9DOBB01DPMAG	1	1	0	0	0
IS9DOBB01ANT83	1	1	0	0	0
IS9DOBB01EYUQU	1	1	0	0	0
IS9DOBB01DGQ97	1	1	0	0	0
IS9DOBB01AF6WD	4	4	0	0	0
IS9DOBB01BLH47	2	2	0	0	0
IS9DOBB01DPWWO	2	2	0	0	0
IS9DOBB01DAG1H	9	9	0	0	0
IS9DOBB01B6ZCF	1	1	0	0	0
IS9DOBB01CZLXZ	1	1	0	0	0
IS9DOBB01EGLRQ	1	1	0	0	0
IS9DOBB01EZNKO	2	2	0	0	0
IS9DOBB01DZ53F	3	3	0	0	0
IS9DOBB01ARY3W	1	1	0	0	0
IS9DOBB01AWDA9	3	3	0	0	0
IS9DOBB01BEI51	1	1	0	0	0
IS9DOBB01DBJ12	2	2	0	0	0
IS9DOBB01ANXWI	1	1	0	0	0
IS9DOBB01C411W	1	1	0	0	0
IS9DOBB01D2GYH	1	1	0	0	0
IS9DOBB01DPIJZ	2	2	0	0	0
IS9DOBB01ATC7B	1	1	0	0	0
IS9DOBB01B0EJL	3	3	0	0	0
IS9DOBB01CGR7V	2	2	0	0	0
IS9DOBB01D81GX	1	1	0	0	0
IS9DOBB01B7Q74	1	1	0	0	0
IS9DOBB01B5JXX	1	1	0	0	0
IS9DOBB01C5PHV	3	3	0	0	0
IS9DOBB01ETGI5	2	2	0	0	0
IS9DOBB01CDQJ5	1	1	0	0	0
IS9DOBB01AI6U2	1	1	0	0	0
IS9DOBB01AV33A	3	3	0	0	0
IS9DOBB01EL6S5	1	1	0	0	0
IS9DOBB01BPRMO	3	3	0	0	0
IS9DOBB01BOIIZ	1	1	0	0	0
IS9DOBB01BTWWU	1	1	0	0	0
IS9DOBB01A8RG3	1	1	0	0	0
IS9DOBB01B3EFY	1	1	0	0	0
IS9DOBB01CYASZ	1	1	0	0	0
IS9DOBB01ANJ7C	3	3	0	0	0
IS9DOBB01COFKP	1	1	0	0	0
IS9DOBB01B268E	1	1	0	0	0
IS9DOBB01B6GF5	5	5	0	0	0
IS9DOBB01DVKNV	1	1	0	0	0
IS9DOBB01BOEDO	1	1	0	0	0
IS9DOBB01AOZWM	1	1	0	0	0
IS9DOBB01C40GR	2	2	0	0	0
IS9DOBB01AXKN1	1	1	0	0	0
IS9DOBB01CSZ1A	1	1	0	0	0
IS9DOBB01COQ7E	1	1	0	0	0
IS9DOBB01DBF77	2	2	0	0	0
IS9DOBB01EVT6H	6	6	0	0	0
IS9DOBB01ELT0G	1	1	0	0	0
IS9DOBB01BZT1V	1	1	0	0	0
IS9DOBB01A8EPN	2	2	0	0	0
IS9DOBB01EVCHQ	1	1	0	0	0
IS9DOBB01EE5AR	1	1	0	0	0
IS9DOBB01EKLYU	1	1	0	0	0
IS9DOBB01CRQ5B	3	3	0	0	0
IS9DOBB01DZZTV	1	1	0	0	0
IS9DOBB01EYBWP	18	18	0	0	0
IS9DOBB01D5XWF	1	1	0	0	0
IS9DOBB01CA195	1	1	0	0	0
IS9DOBB01C8DSK	1	1	0	0	0
IS9DOBB01B6QF5	7	7	0	0	0
IS9DOBB01EFWQK	1	1	0	0	0
IS9DOBB01CNAHM	4	4	0	0	0
IS9DOBB01BL55B	2	2	0	0	0
IS9DOBB01CZBR0	1	1	0	0	0
IS9DOBB01BT2SR	2	2	0	0	0
IS9DOBB01DPADE	1	1	0	0	0
IS9DOBB01BYPZK	1	1	0	0	0
IS9DOBB01EZHLB	1	1	0	0	0
IS9DOBB01A76EI	2	2	0	0	0
IS9DOBB01AQJLS	1	1	0	0	0
IS9DOBB01ALI4Z	1	1	0	0	0
IS9DOBB01BLIZ5	1	1	0	0	0
IS9DOBB01D411D	1	1	0	0	0
IS9DOBB01CC1Q5	2	2	0	0	0
IS9DOBB01C3R7N	2	2	0	0	0
IS9DOBB01BGZZO	1	1	0	0	0
IS9DOBB01ENBF2	4	4	0	0	0
IS9DOBB01DNJHQ	1	1	0	0	0
IS9DOBB01D38CE	1	1	0	0	0
IS9DOBB01CDKO8	5	5	0	0	0
IS9DOBB01DE958	1	1	0	0	0
IS9DOBB01AO4Z0	2	2	0	0	0
IS9DOBB01CGGRL	2	2	0	0	0
IS9DOBB01EQUEL	3	3	0	0	0
IS9DOBB01DYA54	1	1	0	0	0
IS9DOBB01DDPMI	3	3	0	0	0
IS9DOBB01CWRDZ	2	2	0	0	0
IS9DOBB01ETI99	4	4	0	0	0
IS9DOBB01B1QZ7	2	2	0	0	0
IS9DOBB01ETE71	3	3	0	0	0
IS9DOBB01EFM29	1	1	0	0	0
IS9DOBB01CU1DB	1	1	0	0	0
IS9DOBB01D3TZD	1	1	0	0	0
IS9DOBB01DE852	1	1	0	0	0
IS9DOBB01BI4TI	1	1	0	0	0
IS9DOBB01DO3R7	1	1	0	0	0
IS9DOBB01EL5V0	1	1	0	0	0
IS9DOBB01CLXPR	1	1	0	0	0
IS9DOBB01CI58I	4	4	0	0	0
IS9DOBB01DX2D2	3	3	0	0	0
IS9DOBB01ELO04	1	1	0	0	0
IS9DOBB01CXD9Y	1	1	0	0	0
IS9DOBB01D1OU8	1	1	0	0	0
IS9DOBB01EGXSR	1	1	0	0	0
IS9DOBB01CFAXJ	1	1	0	0	0
IS9DOBB01D638I	1	1	0	0	0
IS9DOBB01DAMG4	7	7	0	0	0
IS9DOBB01CT4NL	1	1	0	0	0
IS9DOBB01CBNQA	1	1	0	0	0
IS9DOBB01DJTCJ	1	1	0	0	0
IS9DOBB01EA6F7	1	1	0	0	0
IS9DOBB01DGYZY	4	4	0	0	0
IS9DOBB01DA2IS	1	1	0	0	0
IS9DOBB01A2YCT	1	1	0	0	0
IS9DOBB01AZXO0	1	1	0	0	0
IS9DOBB01CMXGO	4	4	0	0	0
IS9DOBB01B0GNC	1	1	0	0	0
IS9DOBB01BG2B5	3	3	0	0	0
IS9DOBB01DE2YJ	1	1	0	0	0
IS9DOBB01BZE18	7	7	0	0	0
IS9DOBB01BV245	6	6	0	0	0
IS9DOBB01DWHS6	4	4	0	0	0
IS9DOBB01AD226	3	3	0	0	0
IS9DOBB01DQCIC	2	2	0	0	0
IS9DOBB01EHC1T	1	1	0	0	0
IS9DOBB01CF9UD	1	1	0	0	0
IS9DOBB01C36T7	2	2	0	0	0
IS9DOBB01DWLTB	1	1	0	0	0
IS9DOBB01CTUJE	9	9	0	0	0
IS9DOBB01EL4OX	2	2	0	0	0
IS9DOBB01A8Q5D	3	3	0	0	0
IS9DOBB01D15LK	2	2	0	0	0
IS9DOBB01DV0AD	1	1	0	0	0
IS9DOBB01EMOVH	3	3	0	0	0
IS9DOBB01D3EN7	1	1	0	0	0
IS9DOBB01EYRFT	2	2	0	0	0
IS9DOBB01DZ830	1	1	0	0	0
IS9DOBB01BP0MW	1	1	0	0	0
IS9DOBB01DAJG0	1	1	0	0	0
IS9DOBB01CWPI7	2	2	0	0	0
IS9DOBB01BCLAE	4	4	0	0	0
IS9DOBB01CXPIA	1	1	0	0	0
IS9DOBB01DGPH6	2	2	0	0	0
IS9DOBB01EMNZ7	1	1	0	0	0
IS9DOBB01DYAYF	1	1	0	0	0
IS9DOBB01DFUSG	1	1	0	0	0
IS9DOBB01D0HCI	1	1	0	0	0
IS9DOBB01B4NYT	2	2	0	0	0
IS9DOBB01DI84E	3	3	0	0	0
IS9DOBB01DTW7T	1	1	0	0	0
IS9DOBB01A11XC	2	2	0	0	0
IS9DOBB01EFUUC	1	1	0	0	0
IS9DOBB01BGGZ6	1	1	0	0	0
IS9DOBB01A9LBH	1	1	0	0	0
IS9DOBB01ASZ4D	1	1	0	0	0
IS9DOBB01DQ5Q6	1	1	0	0	0
IS9DOBB01AR412	1	1	0	0	0
IS9DOBB01DDYJV	1	1	0	0	0
IS9DOBB01AM97O	1	1	0	0	0
IS9DOBB01CN8IM	2	2	0	0	0
IS9DOBB01BRP1Q	2	2	0	0	0
IS9DOBB01DBSS3	12	12	0	0	0
IS9DOBB01B3VX2	1	1	0	0	0
IS9DOBB01CL4TY	1	1	0	0	0
IS9DOBB01CU2EQ	1	1	0	0	0
IS9DOBB01CMINO	2	2	0	0	0
IS9DOBB01BP66N	1	1	0	0	0
IS9DOBB01DLCZR	1	1	0	0	0
IS9DOBB01DE376	4	4	0	0	0
IS9DOBB01AMMJG	1	1	0	0	0
IS9DOBB01BLC1S	1	1	0	0	0
IS9DOBB01ECQBN	4	4	0	0	0
IS9DOBB01DUDCD	1	1	0	0	0
IS9DOBB01CJ32K	3	3	0	0	0
IS9DOBB01D3RBY	2	2	0	0	0
IS9DOBB01CVJW4	1	1	0	0	0
IS9DOBB01B5OX0	1	1	0	0	0
IS9DOBB01B2B5F	1	1	0	0	0
IS9DOBB01BUW6F	1	1	0	0	0
IS9DOBB01EQQFM	1	1	0	0	0
IS9DOBB01A2T7N	1	1	0	0	0
IS9DOBB01B5104	1	1	0	0	0
IS9DOBB01CL74K	3	3	0	0	0
IS9DOBB01AU7UU	1	1	0	0	0
IS9DOBB01CALG5	4	4	0	0	0
IS9DOBB01BV3NC	1	1	0	0	0
IS9DOBB01EX974	1	1	0	0	0
IS9DOBB01C1CX1	1	1	0	0	0
IS9DOBB01EAG0A	2	2	0	0	0
IS9DOBB01BML4W	7	7	0	0	0
IS9DOBB01CALVA	2	2	0	0	0
IS9DOBB01C7OQN	1	1	0	0	0
IS9DOBB01B8QDE	8	8	0	0	0
IS9DOBB01DFGL0	2	2	0	0	0
IS9DOBB01AFYNY	1	1	0	0	0
IS9DOBB01AG1W1	1	1	0	0	0
IS9DOBB01DV5KO	1	1	0	0	0
IS9DOBB01DEHWL	1	1	0	0	0
IS9DOBB01DWPWL	4	4	0	0	0
IS9DOBB01AN3T9	1	1	0	0	0
IS9DOBB01DSYED	1	1	0	0	0
IS9DOBB01EG4K3	2	2	0	0	0
IS9DOBB01CFMUS	2	2	0	0	0
IS9DOBB01CWC87	1	1	0	0	0
IS9DOBB01CFWY2	2	2	0	0	0
IS9DOBB01ALUC4	1	1	0	0	0
IS9DOBB01EF6OP	1	1	0	0	0
IS9DOBB01CF01J	1	1	0	0	0
IS9DOBB01ES7R0	1	1	0	0	0
IS9DOBB01B5HQ3	2	2	0	0	0
IS9DOBB01DQG7Q	2	2	0	0	0
IS9DOBB01C1GW3	4	4	0	0	0
IS9DOBB01ESGY8	4	4	0	0	0
IS9DOBB01CO3IQ	2	2	0	0	0
IS9DOBB01A2UTM	1	1	0	0	0
IS9DOBB01AUXTQ	1	1	0	0	0
IS9DOBB01A64NW	1	1	0	0	0
IS9DOBB01C984E	1	1	0	0	0
IS9DOBB01B214T	2	2	0	0	0
IS9DOBB01D24IG	1	1	0	0	0
IS9DOBB01DCMT5	1	1	0	0	0
IS9DOBB01DO8S3	5	5	0	0	0
IS9DOBB01BSZJJ	2	2	0	0	0
IS9DOBB01CZTZE	3	3	0	0	0
IS9DOBB01AO0HD	1	1	0	0	0
IS9DOBB01A4C5P	1	1	0	0	0
IS9DOBB01BIHPJ	2	2	0	0	0
IS9DOBB01BG1NN	1	1	0	0	0
IS9DOBB01ADWQW	1	1	0	0	0
IS9DOBB01DP2S2	8	8	0	0	0
IS9DOBB01D35QF	3	3	0	0	0
IS9DOBB01EN0II	2	2	0	0	0
IS9DOBB01ATA2D	1	1	0	0	0
IS9DOBB01AJSYI	1	1	0	0	0
IS9DOBB01EEVK3	1	1	0	0	0
IS9DOBB01DTUJD	1	1	0	0	0
IS9DOBB01D3737	1	1	0	0	0
IS9DOBB01EV4R2	1	1	0	0	0
IS9DOBB01D3PO8	2	2	0	0	0
IS9DOBB01DYIZ1	1	1	0	0	0
IS9DOBB01D8DRX	1	1	0	0	0
IS9DOBB01CF56R	2	2	0	0	0
IS9DOBB01CX4H8	1	1	0	0	0
IS9DOBB01CK320	1	1	0	0	0
IS9DOBB01B6OFS	1	1	0	0	0
IS9DOBB01A0X1K	5	5	0	0	0
IS9DOBB01BENGD	1	1	0	0	0
IS9DOBB01DQ5OJ	1	1	0	0	0
IS9DOBB01CVQ2C	1	1	0	0	0
IS9DOBB01COGY0	1	1	0	0	0
IS9DOBB01AG0RI	2	2	0	0	0
IS9DOBB01EOOCV	1	1	0	0	0
IS9DOBB01BCHKO	1	1	0	0	0
IS9DOBB01BC94O	1	1	0	0	0
IS9DOBB01EUK1K	2	2	0	0	0
IS9DOBB01ARUF6	1	1	0	0	0
IS9DOBB01A86RU	1	1	0	0	0
IS9DOBB01CUWZB	1	1	0	0	0
IS9DOBB01B43G2	1	1	0	0	0
IS9DOBB01APNWL	4	4	0	0	0
IS9DOBB01C8NCK	1	1	0	0	0
IS9DOBB01CXFZJ	1	1	0	0	0
IS9DOBB01DGICF	1	1	0	0	0
IS9DOBB01BFMDV	1	1	0	0	0
IS9DOBB01CQ54L	1	1	0	0	0
IS9DOBB01DFAES	1	1	0	0	0
IS9DOBB01C07PD	1	1	0	0	0
IS9DOBB01CW68O	1	1	0	0	0
IS9DOBB01CYFVF	2	2	0	0	0
IS9DOBB01BFJQ8	1	1	0	0	0
IS9DOBB01EBOUH	1	1	0	0	0
IS9DOBB01DYEGH	1	1	0	0	0
IS9DOBB01DN8QD	1	1	0	0	0
IS9DOBB01BL0N8	1	1	0	0	0
IS9DOBB01ER199	1	1	0	0	0
IS9DOBB01DH1SY	4	4	0	0	0
IS9DOBB01DEKF5	1	1	0	0	0
IS9DOBB01BIJMS	1	1	0	0	0
IS9DOBB01EDZS9	1	1	0	0	0
IS9DOBB01COS5P	1	1	0	0	0
IS9DOBB01DDF52	1	1	0	0	0
IS9DOBB01C3ANG	1	1	0	0	0
IS9DOBB01CDKL9	2	2	0	0	0
IS9DOBB01BLQN8	1	1	0	0	0
IS9DOBB01BNNK1	1	1	0	0	0
IS9DOBB01ESWYX	2	2	0	0	0
IS9DOBB01EENM4	1	1	0	0	0
IS9DOBB01CJRW2	1	1	0	0	0
IS9DOBB01EFOA5	1	1	0	0	0
IS9DOBB01EDHBS	1	1	0	0	0
IS9DOBB01BHX3G	1	1	0	0	0
IS9DOBB01CX7VN	7	7	0	0	0
IS9DOBB01A0R4H	1	1	0	0	0
IS9DOBB01EA90U	1	1	0	0	0
IS9DOBB01DMCKE	1	1	0	0	0
IS9DOBB01DCXQ2	1	1	0	0	0
IS9DOBB01BN3JP	2	2	0	0	0
IS9DOBB01DEQ7M	1	1	0	0	0
IS9DOBB01BP5AS	1	1	0	0	0
IS9DOBB01CHU0I	2	2	0	0	0
IS9DOBB01ETLYS	1	1	0	0	0
IS9DOBB01ASS63	1	1	0	0	0
IS9DOBB01D5QDY	1	1	0	0	0
IS9DOBB01ET7CP	1	1	0	0	0
IS9DOBB01CS92J	2	2	0	0	0
IS9DOBB01D8F3T	4	4	0	0	0
IS9DOBB01EAAMR	1	1	0	0	0
IS9DOBB01EPON3	1	1	0	0	0
IS9DOBB01CUUNJ	1	1	0	0	0
IS9DOBB01AXOEH	1	1	0	0	0
IS9DOBB01C1F0V	2	2	0	0	0
IS9DOBB01DPM5C	2	2	0	0	0
IS9DOBB01C0KGT	1	1	0	0	0
IS9DOBB01C9X49	1	1	0	0	0
IS9DOBB01AVQRL	1	1	0	0	0
IS9DOBB01CGTOZ	1	1	0	0	0
IS9DOBB01D6YZV	9	9	0	0	0
IS9DOBB01EEJYM	13	13	0	0	0
IS9DOBB01EEHHE	1	1	0	0	0
IS9DOBB01AFUFS	1	1	0	0	0
IS9DOBB01AYDEN	1	1	0	0	0
IS9DOBB01BHWMU	1	1	0	0	0
IS9DOBB01AH14A	4	4	0	0	0
IS9DOBB01CJ7Q5	1	1	0	0	0
IS9DOBB01A94J9	1	1	0	0	0
IS9DOBB01A09HC	2	2	0	0	0
IS9DOBB01ELYKK	1	1	0	0	0
IS9DOBB01BIZC5	1	1	0	0	0
IS9DOBB01DSV53	1	1	0	0	0
IS9DOBB01B6GQ5	3	3	0	0	0
IS9DOBB01DNKT6	1	1	0	0	0
IS9DOBB01AR5JV	6	6	0	0	0
IS9DOBB01DWCEG	2	2	0	0	0
IS9DOBB01EVN0X	1	1	0	0	0
IS9DOBB01BO6RJ	1	1	0	0	0
IS9DOBB01EHBO5	1	1	0	0	0
IS9DOBB01CWAA1	1	1	0	0	0
IS9DOBB01B5R1J	9	9	0	0	0
IS9DOBB01DHJW3	2	2	0	0	0
IS9DOBB01A769R	2	2	0	0	0
IS9DOBB01AEFLY	3	3	0	0	0
IS9DOBB01C0W24	1	1	0	0	0
IS9DOBB01DZ2PB	1	1	0	0	0
IS9DOBB01BCVOE	2	2	0	0	0
IS9DOBB01A61C8	1	1	0	0	0
IS9DOBB01C5JZC	1	1	0	0	0
IS9DOBB01EOFL2	1	1	0	0	0
IS9DOBB01AOJO4	2	2	0	0	0
IS9DOBB01B2XMS	2	2	0	0	0
IS9DOBB01B12M6	1	1	0	0	0
IS9DOBB01CQLOZ	4	4	0	0	0
IS9DOBB01B75M5	1	1	0	0	0
IS9DOBB01A7AOL	1	1	0	0	0
IS9DOBB01A0RAY	1	1	0	0	0
IS9DOBB01BPHBG	1	1	0	0	0
IS9DOBB01DOY4I	1	1	0	0	0
IS9DOBB01DK1D1	1	1	0	0	0
IS9DOBB01DRRF6	3	3	0	0	0
IS9DOBB01ENO5M	2	2	0	0	0
IS9DOBB01EOH2V	2	2	0	0	0
IS9DOBB01CS1RJ	1	1	0	0	0
IS9DOBB01AFNGZ	1	1	0	0	0
IS9DOBB01B7X1Y	1	1	0	0	0
IS9DOBB01CKMIW	5	5	0	0	0
IS9DOBB01CYI4G	1	1	0	0	0
IS9DOBB01DJTH8	2	2	0	0	0
IS9DOBB01B7WXH	2	2	0	0	0
IS9DOBB01ASD95	1	1	0	0	0
IS9DOBB01A4TA8	1	1	0	0	0
IS9DOBB01C9WLA	2	2	0	0	0
IS9DOBB01DTXZ5	1	1	0	0	0
IS9DOBB01BVZNQ	1	1	0	0	0
IS9DOBB01DLWO9	5	5	0	0	0
IS9DOBB01BNTYT	2	2	0	0	0
IS9DOBB01CXI22	1	1	0	0	0
IS9DOBB01C3FO2	5	5	0	0	0
IS9DOBB01B81IF	1	1	0	0	0
IS9DOBB01CYSWQ	1	1	0	0	0
IS9DOBB01CWJ2E	3	3	0	0	0
IS9DOBB01BNV8O	1	1	0	0	0
IS9DOBB01C606W	1	1	0	0	0
IS9DOBB01D5D5B	1	1	0	0	0
IS9DOBB01CWYI3	10	10	0	0	0
IS9DOBB01AJLM5	1	1	0	0	0
IS9DOBB01BHFA6	1	1	0	0	0
IS9DOBB01AY14Y	1	1	0	0	0
IS9DOBB01EEIVJ	1	1	0	0	0
IS9DOBB01C52ED	1	1	0	0	0
IS9DOBB01AJ2LF	3	3	0	0	0
IS9DOBB01EKFRE	2	2	0	0	0
IS9DOBB01AUCGP	1	1	0	0	0
IS9DOBB01DQF5E	1	1	0	0	0
IS9DOBB01AOV71	2	2	0	0	0
IS9DOBB01EET6M	1	1	0	0	0
IS9DOBB01DF2DY	1	1	0	0	0
IS9DOBB01DQFJB	1	1	0	0	0
IS9DOBB01CN0PE	1	1	0	0	0
IS9DOBB01AVYHK	2	2	0	0	0
IS9DOBB01EF3R0	2	2	0	0	0
IS9DOBB01DZGJA	1	1	0	0	0
IS9DOBB01DS91P	1	1	0	0	0
IS9DOBB01D3ZSF	1	1	0	0	0
IS9DOBB01ERFN5	1	1	0	0	0
IS9DOBB01EBG32	13	13	0	0	0
IS9DOBB01EGHK1	1	1	0	0	0
IS9DOBB01EGJN2	3	3	0	0	0
IS9DOBB01DER2N	1	1	0	0	0
IS9DOBB01BKMSE	3	3	0	0	0
IS9DOBB01D0JY4	1	1	0	0	0
IS9DOBB01DQ3SA	1	1	0	0	0
IS9DOBB01B1VEO	2	2	0	0	0
IS9DOBB01B675S	2	2	0	0	0
IS9DOBB01AYA3H	1	1	0	0	0
IS9DOBB01C3CS8	1	1	0	0	0
IS9DOBB01CCM1H	1	1	0	0	0
IS9DOBB01ADQ26	1	1	0	0	0
IS9DOBB01EJOX4	1	1	0	0	0
IS9DOBB01CKVDF	1	1	0	0	0
IS9DOBB01CLE2E	1	1	0	0	0
IS9DOBB01CW6Y9	1	1	0	0	0
IS9DOBB01ELX0P	1	1	0	0	0
IS9DOBB01EFHEF	1	1	0	0	0
IS9DOBB01DLYVX	1	1	0	0	0
IS9DOBB01BCB0H	3	3	0	0	0
IS9DOBB01CEM8Z	1	1	0	0	0
IS9DOBB01BE79M	1	1	0	0	0
IS9DOBB01BFDZQ	3	3	0	0	0
IS9DOBB01DBQ9E	1	1	0	0	0
IS9DOBB01DEP7T	1	1	0	0	0
IS9DOBB01AS56Y	1	1	0	0	0
IS9DOBB01A9DRS	6	6	0	0	0
IS9DOBB01DD0PO	3	3	0	0	0
IS9DOBB01DIDQK	1	1	0	0	0
IS9DOBB01BZG9Q	1	1	0	0	0
IS9DOBB01CVYUU	1	1	0	0	0
IS9DOBB01CRKFL	1	1	0	0	0
IS9DOBB01BCAA3	1	1	0	0	0
IS9DOBB01C79N8	5	5	0	0	0
IS9DOBB01AKU5U	1	1	0	0	0
IS9DOBB01AMQ8A	1	1	0	0	0
IS9DOBB01AVQW5	1	1	0	0	0
IS9DOBB01CKIYO	1	1	0	0	0
IS9DOBB01CVXC8	2	2	0	0	0
IS9DOBB01DSQUM	1	1	0	0	0
IS9DOBB01CA21E	1	1	0	0	0
IS9DOBB01CU37N	2	2	0	0	0
IS9DOBB01ASO6P	1	1	0	0	0
IS9DOBB01A6GZB	1	1	0	0	0
IS9DOBB01CZB79	5	5	0	0	0
IS9DOBB01CRO8H	1	1	0	0	0
IS9DOBB01B2EYN	3	3	0	0	0
IS9DOBB01D3C7A	1	1	0	0	0
IS9DOBB01ALMYF	1	1	0	0	0
IS9DOBB01DY743	1	1	0	0	0
IS9DOBB01EYRPM	3	3	0	0	0
IS9DOBB01BBSHT	3	3	0	0	0
IS9DOBB01CO4QE	1	1	0	0	0
IS9DOBB01BFVPX	1	1	0	0	0
IS9DOBB01DA9YA	1	1	0	0	0
IS9DOBB01EH51V	4	4	0	0	0
IS9DOBB01BRSWH	1	1	0	0	0
IS9DOBB01DDHIW	1	1	0	0	0
IS9DOBB01AU4W0	6	6	0	0	0
IS9DOBB01D16SS	1	1	0	0	0
IS9DOBB01BV8UI	1	1	0	0	0
IS9DOBB01ANLB1	1	1	0	0	0
IS9DOBB01C00O7	1	1	0	0	0
IS9DOBB01ELTQU	1	1	0	0	0
IS9DOBB01CS77C	7	7	0	0	0
IS9DOBB01A37I1	1	1	0	0	0
IS9DOBB01A62ST	1	1	0	0	0
IS9DOBB01EL3YL	1	1	0	0	0
IS9DOBB01ALNBP	2	2	0	0	0
IS9DOBB01D84Y8	1	1	0	0	0
IS9DOBB01CYKMK	3	3	0	0	0
IS9DOBB01DXK6M	1	1	0	0	0
IS9DOBB01DQQ5L	2	2	0	0	0
IS9DOBB01ELR73	2	2	0	0	0
IS9DOBB01A4ARH	1	1	0	0	0
IS9DOBB01B690L	1	1	0	0	0
IS9DOBB01BCP0W	1	1	0	0	0
IS9DOBB01C6S2O	1	1	0	0	0
IS9DOBB01EKRS4	1	1	0	0	0
IS9DOBB01AGGL3	2	2	0	0	0
IS9DOBB01BCWY1	3	3	0	0	0
IS9DOBB01EZI7T	3	3	0	0	0
IS9DOBB01DP8S0	1	1	0	0	0
IS9DOBB01A4JDP	1	1	0	0	0
IS9DOBB01CSVHX	1	1	0	0	0
IS9DOBB01DBVT9	1	1	0	0	0
IS9DOBB01DGA61	1	1	0	0	0
IS9DOBB01B74J0	1	1	0	0	0
IS9DOBB01EV1LT	2	2	0	0	0
IS9DOBB01DPG7A	1	1	0	0	0
IS9DOBB01BX8P6	2	2	0	0	0
IS9DOBB01EEFY4	2	2	0	0	0
IS9DOBB01EBT07	1	1	0	0	0
IS9DOBB01BL7CF	1	1	0	0	0
IS9DOBB01DLMNI	1	1	0	0	0
IS9DOBB01EPH7G	1	1	0	0	0
IS9DOBB01BV6N9	1	1	0	0	0
IS9DOBB01EN1ZY	1	1	0	0	0
IS9DOBB01CGNN4	1	1	0	0	0
IS9DOBB01EDKXJ	1	1	0	0	0
IS9DOBB01BGI8C	1	1	0	0	0
IS9DOBB01EUORT	1	1	0	0	0
IS9DOBB01BY0PR	1	1	0	0	0
IS9DOBB01A2VUY	2	2	0	0	0
IS9DOBB01DD9XD	2	2	0	0	0
IS9DOBB01AV8IC	1	1	0	0	0
IS9DOBB01BOWKY	1	1	0	0	0
IS9DOBB01AV984	1	1	0	0	0
IS9DOBB01C6H7Y	1	1	0	0	0
IS9DOBB01BY5W9	1	1	0	0	0
IS9DOBB01BAWTH	1	1	0	0	0
IS9DOBB01CK9ED	1	1	0	0	0
IS9DOBB01AR54D	1	1	0	0	0
IS9DOBB01BV1IA	1	1	0	0	0
IS9DOBB01AGA24	1	1	0	0	0
IS9DOBB01BZMRA	1	1	0	0	0
IS9DOBB01AMQ8Y	1	1	0	0	0
IS9DOBB01EHYMQ	4	4	0	0	0
IS9DOBB01B2WWR	1	1	0	0	0
IS9DOBB01CUX66	1	1	0	0	0
IS9DOBB01D35O0	1	1	0	0	0
IS9DOBB01AMJHL	1	1	0	0	0
IS9DOBB01B9YB9	1	1	0	0	0
IS9DOBB01BQB8R	1	1	0	0	0
IS9DOBB01EBM2N	1	1	0	0	0
IS9DOBB01DOT1S	1	1	0	0	0
IS9DOBB01ANRL1	1	1	0	0	0
IS9DOBB01ED8N9	1	1	0	0	0
IS9DOBB01EAEGK	2	2	0	0	0
IS9DOBB01C2PEU	1	1	0	0	0
IS9DOBB01DCDN6	1	1	0	0	0
IS9DOBB01EYTWC	1	1	0	0	0
IS9DOBB01BE07U	1	1	0	0	0
IS9DOBB01BKOS9	1	1	0	0	0
IS9DOBB01DY0HX	1	1	0	0	0
IS9DOBB01EKVYR	6	6	0	0	0
IS9DOBB01DJAJX	1	1	0	0	0
IS9DOBB01EOWG7	1	1	0	0	0
IS9DOBB01AXYHA	2	2	0	0	0
IS9DOBB01DE91Z	1	1	0	0	0
IS9DOBB01BG345	2	2	0	0	0
IS9DOBB01EYG96	1	1	0	0	0
IS9DOBB01EN1W1	2	2	0	0	0
IS9DOBB01D9EF7	3	3	0	0	0
IS9DOBB01A0G3F	1	1	0	0	0
IS9DOBB01D52QJ	1	1	0	0	0
IS9DOBB01AWR7M	1	1	0	0	0
IS9DOBB01EGHJN	1	1	0	0	0
IS9DOBB01A08R2	1	1	0	0	0
IS9DOBB01BJ7XZ	1	1	0	0	0
IS9DOBB01A8P52	1	1	0	0	0
IS9DOBB01BOVJI	1	1	0	0	0
IS9DOBB01DCBME	1	1	0	0	0
IS9DOBB01EL3WJ	1	1	0	0	0
IS9DOBB01CUAK8	1	1	0	0	0
IS9DOBB01EAAA9	1	1	0	0	0
IS9DOBB01DJ5N4	7	7	0	0	0
IS9DOBB01BYSJ9	1	1	0	0	0
IS9DOBB01AI0N9	1	1	0	0	0
IS9DOBB01EC3PH	1	1	0	0	0
IS9DOBB01C34BS	3	3	0	0	0
IS9DOBB01ENSNL	1	1	0	0	0
IS9DOBB01BAP94	1	1	0	0	0
IS9DOBB01BRW7M	1	1	0	0	0
IS9DOBB01DFYQF	1	1	0	0	0
IS9DOBB01DM02T	1	1	0	0	0
IS9DOBB01EPJMP	1	1	0	0	0
IS9DOBB01C3ABG	1	1	0	0	0
IS9DOBB01DPEZC	3	3	0	0	0
IS9DOBB01EFFKL	1	1	0	0	0
IS9DOBB01DIHS2	1	1	0	0	0
IS9DOBB01C9Y4J	6	6	0	0	0
IS9DOBB01C7ZXD	2	2	0	0	0
IS9DOBB01AL0GY	2	2	0	0	0
IS9DOBB01EHRL3	3	3	0	0	0
IS9DOBB01BSVST	1	1	0	0	0
IS9DOBB01BU3W6	2	2	0	0	0
IS9DOBB01BPSJN	1	1	0	0	0
IS9DOBB01CO7XB	1	1	0	0	0
IS9DOBB01AGQ7S	2	2	0	0	0
IS9DOBB01BNO4U	1	1	0	0	0
IS9DOBB01CK9Q0	4	4	0	0	0
IS9DOBB01EAKR1	1	1	0	0	0
IS9DOBB01AMV6L	1	1	0	0	0
IS9DOBB01DF3NP	1	1	0	0	0
IS9DOBB01ERCAZ	1	1	0	0	0
IS9DOBB01BFVRY	1	1	0	0	0
IS9DOBB01ENSAT	1	1	0	0	0
IS9DOBB01CF4ZO	1	1	0	0	0
IS9DOBB01A5AKP	1	1	0	0	0
IS9DOBB01CBA5P	1	1	0	0	0
IS9DOBB01EUL37	1	1	0	0	0
IS9DOBB01CSDA6	2	2	0	0	0
IS9DOBB01EHB8X	1	1	0	0	0
IS9DOBB01DU0FB	1	1	0	0	0
IS9DOBB01AKZZL	1	1	0	0	0
IS9DOBB01BWB2E	1	1	0	0	0
IS9DOBB01DJO7B	1	1	0	0	0
IS9DOBB01B3GSM	3	3	0	0	0
IS9DOBB01C0DUD	4	4	0	0	0
IS9DOBB01DXCRH	2	2	0	0	0
IS9DOBB01CYP7Y	1	1	0	0	0
IS9DOBB01AT0JD	1	1	0	0	0
IS9DOBB01DDOBB	1	1	0	0	0
IS9DOBB01AQ9DY	1	1	0	0	0
IS9DOBB01C1177	2	2	0	0	0
IS9DOBB01EAUYK	1	1	0	0	0
IS9DOBB01A1FIJ	1	1	0	0	0
IS9DOBB01C02DS	8	8	0	0	0
IS9DOBB01D4ES9	1	1	0	0	0
IS9DOBB01CU588	1	1	0	0	0
IS9DOBB01D0PEA	6	6	0	0	0
IS9DOBB01AX52I	1	1	0	0	0
IS9DOBB01D8ZSJ	1	1	0	0	0
IS9DOBB01CFMGS	3	3	0	0	0
IS9DOBB01CHBB4	1	1	0	0	0
IS9DOBB01EM4IC	1	1	0	0	0
IS9DOBB01ALXVP	1	1	0	0	0
IS9DOBB01DFUI6	1	1	0	0	0
IS9DOBB01EH7KA	1	1	0	0	0
IS9DOBB01DZSZD	1	1	0	0	0
IS9DOBB01BR58Q	1	1	0	0	0
IS9DOBB01DT23G	1	1	0	0	0
IS9DOBB01BPX88	2	2	0	0	0
IS9DOBB01EEBYS	1	1	0	0	0
IS9DOBB01CT3FE	1	1	0	0	0
IS9DOBB01BIMGY	1	1	0	0	0
IS9DOBB01AH9I7	1	1	0	0	0
IS9DOBB01A36X1	1	1	0	0	0
IS9DOBB01DYD89	1	1	0	0	0
IS9DOBB01A0IVE	2	2	0	0	0
IS9DOBB01EJNX6	2	2	0	0	0
IS9DOBB01A0LSM	1	1	0	0	0
IS9DOBB01BLF5U	1	1	0	0	0
IS9DOBB01DH4DR	2	2	0	0	0
IS9DOBB01DFGKO	2	2	0	0	0
IS9DOBB01EN3LZ	1	1	0	0	0
IS9DOBB01BOOWN	1	1	0	0	0
IS9DOBB01DXVWM	1	1	0	0	0
IS9DOBB01D0THW	1	1	0	0	0
IS9DOBB01AH83Q	1	1	0	0	0
IS9DOBB01DEB06	2	2	0	0	0
IS9DOBB01EB80L	3	3	0	0	0
IS9DOBB01CK44J	1	1	0	0	0
IS9DOBB01AVM2I	1	1	0	0	0
IS9DOBB01AXHVM	1	1	0	0	0
IS9DOBB01AN9XO	1	1	0	0	0
IS9DOBB01DQ3ON	1	1	0	0	0
IS9DOBB01B55VG	1	1	0	0	0
IS9DOBB01D3D13	12	12	0	0	0
IS9DOBB01AU78X	1	1	0	0	0
IS9DOBB01CQ95B	1	1	0	0	0
IS9DOBB01D43HH	1	1	0	0	0
IS9DOBB01BR71Z	2	2	0	0	0
IS9DOBB01CLM0E	1	1	0	0	0
IS9DOBB01BO259	1	1	0	0	0
IS9DOBB01DERQU	1	1	0	0	0
IS9DOBB01EHJFD	1	1	0	0	0
IS9DOBB01CNPZP	1	1	0	0	0
IS9DOBB01DY96O	1	1	0	0	0
IS9DOBB01BB3CW	1	1	0	0	0
IS9DOBB01A3QTS	1	1	0	0	0
IS9DOBB01BU6WN	2	2	0	0	0
IS9DOBB01EXCF8	2	2	0	0	0
IS9DOBB01BCFP6	1	1	0	0	0
IS9DOBB01CRRJZ	1	1	0	0	0
IS9DOBB01DPBSS	1	1	0	0	0
IS9DOBB01DKTSG	1	1	0	0	0
IS9DOBB01BYJEG	1	1	0	0	0
IS9DOBB01DF1HM	2	2	0	0	0
IS9DOBB01B0HV2	1	1	0	0	0
IS9DOBB01AMYRK	1	1	0	0	0
IS9DOBB01A6PDV	1	1	0	0	0
IS9DOBB01EKU88	1	1	0	0	0
IS9DOBB01ESX3W	3	3	0	0	0
IS9DOBB01ELYHN	1	1	0	0	0
IS9DOBB01DOQI2	1	1	0	0	0
IS9DOBB01C4BF5	1	1	0	0	0
IS9DOBB01A6FN8	1	1	0	0	0
IS9DOBB01EG9XW	1	1	0	0	0
IS9DOBB01CZ4N0	1	1	0	0	0
IS9DOBB01BJ9PC	1	1	0	0	0
IS9DOBB01B7TLS	2	2	0	0	0
IS9DOBB01D9T4T	1	1	0	0	0
IS9DOBB01EEK4M	1	1	0	0	0
IS9DOBB01BOUCF	1	1	0	0	0
IS9DOBB01AP8LK	1	1	0	0	0
IS9DOBB01CYLO8	1	1	0	0	0
IS9DOBB01CM3FG	1	1	0	0	0
IS9DOBB01DMMIW	3	3	0	0	0
IS9DOBB01AXN53	1	1	0	0	0
IS9DOBB01BJAVV	5	5	0	0	0
IS9DOBB01BXZAJ	1	1	0	0	0
IS9DOBB01COVMO	3	3	0	0	0
IS9DOBB01AEC1E	1	1	0	0	0
IS9DOBB01B8CGN	1	1	0	0	0
IS9DOBB01EUVAT	3	3	0	0	0
IS9DOBB01CKSVR	1	1	0	0	0
IS9DOBB01A1EAN	2	2	0	0	0
IS9DOBB01C4TAT	1	1	0	0	0
IS9DOBB01EEIUT	1	1	0	0	0
IS9DOBB01ESHI3	1	1	0	0	0
IS9DOBB01DA4AP	1	1	0	0	0
IS9DOBB01CGEN3	26	26	0	0	0
IS9DOBB01BI8JH	3	3	0	0	0
IS9DOBB01CAWOB	1	1	0	0	0
IS9DOBB01D5RDC	1	1	0	0	0
IS9DOBB01D9THT	2	2	0	0	0
IS9DOBB01DY67N	1	1	0	0	0
IS9DOBB01A0EA6	1	1	0	0	0
IS9DOBB01CKC0J	1	1	0	0	0
IS9DOBB01DJ59W	1	1	0	0	0
IS9DOBB01BY74A	1	1	0	0	0
IS9DOBB01AZM1A	1	1	0	0	0
IS9DOBB01C4V5F	2	2	0	0	0
IS9DOBB01BSZTN	1	1	0	0	0
IS9DOBB01C2H55	2	2	0	0	0
IS9DOBB01AFXRB	1	1	0	0	0
IS9DOBB01DKO11	1	1	0	0	0
IS9DOBB01DVSGC	1	1	0	0	0
IS9DOBB01BOINZ	1	1	0	0	0
IS9DOBB01ARQMG	1	1	0	0	0
IS9DOBB01BJPW2	1	1	0	0	0
IS9DOBB01ECSXD	1	1	0	0	0
IS9DOBB01BL3E9	2	2	0	0	0
IS9DOBB01AXCAN	2	2	0	0	0
IS9DOBB01CPSQ3	1	1	0	0	0
IS9DOBB01ALI92	3	3	0	0	0
IS9DOBB01DKJUF	2	2	0	0	0
IS9DOBB01CM8Q7	1	1	0	0	0
IS9DOBB01AYGUS	1	1	0	0	0
IS9DOBB01BSH29	1	1	0	0	0
IS9DOBB01C238Q	1	1	0	0	0
IS9DOBB01B8YWV	1	1	0	0	0
IS9DOBB01DYHXF	1	1	0	0	0
IS9DOBB01AM81Y	1	1	0	0	0
IS9DOBB01ESARP	1	1	0	0	0
IS9DOBB01AJA6F	1	1	0	0	0
IS9DOBB01D7PN1	1	1	0	0	0
IS9DOBB01C8HQX	1	1	0	0	0
IS9DOBB01DBY96	2	2	0	0	0
IS9DOBB01D2WS2	1	1	0	0	0
IS9DOBB01EPDXR	1	1	0	0	0
IS9DOBB01EONI6	1	1	0	0	0
IS9DOBB01DHQRM	1	1	0	0	0
IS9DOBB01D6VS9	1	1	0	0	0
IS9DOBB01CCE5G	1	1	0	0	0
IS9DOBB01BLMZ2	2	2	0	0	0
IS9DOBB01BTZEN	1	1	0	0	0
IS9DOBB01DYQMY	1	1	0	0	0
IS9DOBB01C1L3U	1	1	0	0	0
IS9DOBB01AS8EV	1	1	0	0	0
IS9DOBB01B04RA	1	1	0	0	0
IS9DOBB01CWNJB	1	1	0	0	0
IS9DOBB01DXQR6	1	1	0	0	0
IS9DOBB01CAYOE	1	1	0	0	0
IS9DOBB01BLHV4	1	1	0	0	0
IS9DOBB01DODCN	1	1	0	0	0
IS9DOBB01B4Y7J	1	1	0	0	0
IS9DOBB01ALKBJ	1	1	0	0	0
IS9DOBB01D20AP	5	5	0	0	0
IS9DOBB01EGDMT	1	1	0	0	0
IS9DOBB01B8HMG	1	1	0	0	0
IS9DOBB01CSSLG	1	1	0	0	0
IS9DOBB01B8KA9	1	1	0	0	0
IS9DOBB01B9YV2	1	1	0	0	0
IS9DOBB01DZZZN	1	1	0	0	0
IS9DOBB01CM0GO	1	1	0	0	0
IS9DOBB01B8HB8	2	2	0	0	0
IS9DOBB01D8UIG	1	1	0	0	0
IS9DOBB01CFF6Y	1	1	0	0	0
IS9DOBB01DX26Z	1	1	0	0	0
IS9DOBB01EL5CY	1	1	0	0	0
IS9DOBB01CYRSU	1	1	0	0	0
IS9DOBB01CQO21	1	1	0	0	0
IS9DOBB01EXS30	1	1	0	0	0
IS9DOBB01A3Q89	1	1	0	0	0
IS9DOBB01A4SU5	1	1	0	0	0
IS9DOBB01CLJM5	2	2	0	0	0
IS9DOBB01BTTIX	2	2	0	0	0
IS9DOBB01BROOA	1	1	0	0	0
IS9DOBB01DWQWW	1	1	0	0	0
IS9DOBB01DTPJR	3	3	0	0	0
IS9DOBB01EQ79M	1	1	0	0	0
IS9DOBB01DIE3M	1	1	0	0	0
IS9DOBB01DHGIN	1	1	0	0	0
IS9DOBB01C6VTA	1	1	0	0	0
IS9DOBB01DWPXQ	1	1	0	0	0
IS9DOBB01CXE38	1	1	0	0	0
IS9DOBB01BKG2J	1	1	0	0	0
IS9DOBB01A4TSK	3	3	0	0	0
IS9DOBB01A89DN	1	1	0	0	0
IS9DOBB01EDWXN	1	1	0	0	0
IS9DOBB01EDLHR	1	1	0	0	0
IS9DOBB01AWQZS	1	1	0	0	0
IS9DOBB01APZNP	1	1	0	0	0
IS9DOBB01EW7LB	1	1	0	0	0
IS9DOBB01DB2CY	1	1	0	0	0
IS9DOBB01BMBBC	1	1	0	0	0
IS9DOBB01C2G3N	1	1	0	0	0
IS9DOBB01D6BYB	2	2	0	0	0
IS9DOBB01BBSHW	1	1	0	0	0
IS9DOBB01A5R6M	1	1	0	0	0
IS9DOBB01EDVOZ	1	1	0	0	0
IS9DOBB01C1Y63	1	1	0	0	0
IS9DOBB01DV3RJ	1	1	0	0	0
IS9DOBB01BIBLQ	1	1	0	0	0
IS9DOBB01EUUFD	1	1	0	0	0
IS9DOBB01A75K7	1	1	0	0	0
IS9DOBB01EA09P	1	1	0	0	0
IS9DOBB01CI710	1	1	0	0	0
IS9DOBB01B2NLV	1	1	0	0	0
IS9DOBB01CE816	1	1	0	0	0
IS9DOBB01CBZL7	1	1	0	0	0
IS9DOBB01ERHQW	1	1	0	0	0
IS9DOBB01C6864	1	1	0	0	0
IS9DOBB01DZPZD	1	1	0	0	0
IS9DOBB01CMBFP	1	1	0	0	0
IS9DOBB01DQY5V	1	1	0	0	0
IS9DOBB01A3QYF	1	1	0	0	0
IS9DOBB01COVZ7	1	1	0	0	0
IS9DOBB01D7OMZ	1	1	0	0	0
IS9DOBB01B0E53	1	1	0	0	0
IS9DOBB01CLCPM	1	1	0	0	0
IS9DOBB01EC8OH	1	1	0	0	0
IS9DOBB01A43PR	1	1	0	0	0
IS9DOBB01CAMCH	1	1	0	0	0
IS9DOBB01BY6O8	1	1	0	0	0
IS9DOBB01EBCV8	1	1	0	0	0
IS9DOBB01ELF2K	2	2	0	0	0
IS9DOBB01C97PT	1	1	0	0	0
IS9DOBB01CYQLV	1	1	0	0	0
IS9DOBB01A40W7	1	1	0	0	0
IS9DOBB01BBLJP	1	1	0	0	0
IS9DOBB01CYY7A	1	1	0	0	0
IS9DOBB01AYQLI	1	1	0	0	0
IS9DOBB01EEQRT	2	2	0	0	0
IS9DOBB01A2SZ3	1	1	0	0	0
IS9DOBB01BL2EB	3	3	0	0	0
IS9DOBB01EKEL5	1	1	0	0	0
IS9DOBB01D9UKR	5	5	0	0	0
IS9DOBB01BLKJN	1	1	0	0	0
IS9DOBB01DQ35Q	1	1	0	0	0
IS9DOBB01BBEC3	1	1	0	0	0
IS9DOBB01CHV73	1	1	0	0	0
IS9DOBB01C0TSF	1	1	0	0	0
IS9DOBB01D95YF	1	1	0	0	0
IS9DOBB01AFVD7	2	2	0	0	0
IS9DOBB01C710W	1	1	0	0	0
IS9DOBB01D9VEO	2	2	0	0	0
IS9DOBB01AX2H0	1	1	0	0	0
IS9DOBB01B9M5J	1	1	0	0	0
IS9DOBB01DZ5RZ	1	1	0	0	0
IS9DOBB01CPIJN	1	1	0	0	0
IS9DOBB01CXH8E	1	1	0	0	0
IS9DOBB01C4H6K	2	2	0	0	0
IS9DOBB01CX6BZ	1	1	0	0	0
IS9DOBB01DJNZW	1	1	0	0	0
IS9DOBB01CDY1Z	1	1	0	0	0
IS9DOBB01DZYJ1	1	1	0	0	0
IS9DOBB01COXJH	1	1	0	0	0
IS9DOBB01DK5IN	1	1	0	0	0
IS9DOBB01AIK3X	2	2	0	0	0
IS9DOBB01CFG7I	1	1	0	0	0
IS9DOBB01CJTZO	1	1	0	0	0
IS9DOBB01DX1CT	1	1	0	0	0
IS9DOBB01B8VPO	1	1	0	0	0
IS9DOBB01BUGGQ	1	1	0	0	0
IS9DOBB01AFEII	1	1	0	0	0
IS9DOBB01D15VW	1	1	0	0	0
IS9DOBB01DJU7J	1	1	0	0	0
IS9DOBB01BSEY4	2	2	0	0	0
IS9DOBB01CNSDD	1	1	0	0	0
IS9DOBB01DNCOW	2	2	0	0	0
IS9DOBB01EP7H7	1	1	0	0	0
IS9DOBB01CUTTW	2	2	0	0	0
IS9DOBB01EAGAX	1	1	0	0	0
IS9DOBB01AV01X	1	1	0	0	0
IS9DOBB01EOMEY	1	1	0	0	0
IS9DOBB01BEQTI	1	1	0	0	0
IS9DOBB01BGEWU	1	1	0	0	0
IS9DOBB01CELG5	2	2	0	0	0
IS9DOBB01CD998	1	1	0	0	0
IS9DOBB01CH237	2	2	0	0	0
IS9DOBB01DBPEP	4	4	0	0	0
IS9DOBB01AUO8I	1	1	0	0	0
IS9DOBB01DLNWM	1	1	0	0	0
IS9DOBB01DXMX4	1	1	0	0	0
IS9DOBB01EQBZG	2	2	0	0	0
IS9DOBB01CPKQQ	1	1	0	0	0
IS9DOBB01BG8MP	1	1	0	0	0
IS9DOBB01DNIDX	1	1	0	0	0
IS9DOBB01DDB9P	1	1	0	0	0
IS9DOBB01A6XPO	1	1	0	0	0
IS9DOBB01BQ6EK	1	1	0	0	0
IS9DOBB01DO9OU	1	1	0	0	0
IS9DOBB01E3H4M	1	1	0	0	0
IS9DOBB01EJGC5	2	2	0	0	0
IS9DOBB01AOSHM	4	4	0	0	0
IS9DOBB01BGE5S	1	1	0	0	0
IS9DOBB01BEK7M	3	3	0	0	0
IS9DOBB01BY0JF	3	3	0	0	0
IS9DOBB01EA8AD	1	1	0	0	0
IS9DOBB01AXOW8	1	1	0	0	0
IS9DOBB01CA0IO	1	1	0	0	0
IS9DOBB01DCKH3	1	1	0	0	0
IS9DOBB01DQHEC	1	1	0	0	0
IS9DOBB01C44VT	1	1	0	0	0
IS9DOBB01CWO6G	1	1	0	0	0
IS9DOBB01CY3NG	1	1	0	0	0
IS9DOBB01AOZ2N	1	1	0	0	0
IS9DOBB01BO2PA	2	2	0	0	0
IS9DOBB01CNZAY	2	2	0	0	0
IS9DOBB01BO6T2	1	1	0	0	0
IS9DOBB01E0TI8	1	1	0	0	0
IS9DOBB01BO8Z5	3	3	0	0	0
IS9DOBB01BXCUL	1	1	0	0	0
IS9DOBB01AVY77	1	1	0	0	0
IS9DOBB01B0K74	2	2	0	0	0
IS9DOBB01EK8VZ	1	1	0	0	0
IS9DOBB01CCVPT	1	1	0	0	0
IS9DOBB01DHVM1	2	2	0	0	0
IS9DOBB01BT69V	1	1	0	0	0
IS9DOBB01COTPY	1	1	0	0	0
IS9DOBB01DT092	1	1	0	0	0
IS9DOBB01DDR79	1	1	0	0	0
IS9DOBB01DMT8Z	1	1	0	0	0
IS9DOBB01BG6NX	1	1	0	0	0
IS9DOBB01ASXSD	1	1	0	0	0
IS9DOBB01AXFBL	1	1	0	0	0
IS9DOBB01D34UH	2	2	0	0	0
IS9DOBB01C7UDK	1	1	0	0	0
IS9DOBB01DKD3Z	1	1	0	0	0
IS9DOBB01DE6LE	1	1	0	0	0
IS9DOBB01EJUVN	1	1	0	0	0
IS9DOBB01EOVZF	1	1	0	0	0
IS9DOBB01ECJED	1	1	0	0	0
IS9DOBB01BGYB3	1	1	0	0	0
IS9DOBB01CNOUO	6	6	0	0	0
IS9DOBB01B8N0U	1	1	0	0	0
IS9DOBB01A79GD	1	1	0	0	0
IS9DOBB01AX8I1	2	2	0	0	0
IS9DOBB01AIK2P	1	1	0	0	0
IS9DOBB01D9SE6	1	1	0	0	0
IS9DOBB01D073N	1	1	0	0	0
IS9DOBB01BGXNR	1	1	0	0	0
IS9DOBB01DK0VJ	1	1	0	0	0
IS9DOBB01DTS6L	1	1	0	0	0
IS9DOBB01EMOQJ	2	2	0	0	0
IS9DOBB01EUCLZ	1	1	0	0	0
IS9DOBB01CW7CS	11	11	0	0	0
IS9DOBB01EUYTH	1	1	0	0	0
IS9DOBB01DSZRB	1	1	0	0	0
IS9DOBB01D8OGT	1	1	0	0	0
IS9DOBB01EW428	1	1	0	0	0
IS9DOBB01B5GML	1	1	0	0	0
IS9DOBB01DJRYM	1	1	0	0	0
IS9DOBB01A8OQ8	1	1	0	0	0
IS9DOBB01B91S4	2	2	0	0	0
IS9DOBB01BE0KL	1	1	0	0	0
IS9DOBB01CUIRX	2	2	0	0	0
IS9DOBB01CQK2X	1	1	0	0	0
IS9DOBB01BVH0N	1	1	0	0	0
IS9DOBB01DJ9TR	1	1	0	0	0
IS9DOBB01C8249	1	1	0	0	0
IS9DOBB01BFV5Z	2	2	0	0	0
IS9DOBB01B8HFU	1	1	0	0	0
IS9DOBB01C4ZTR	1	1	0	0	0
IS9DOBB01EDXZV	1	1	0	0	0
IS9DOBB01BAESA	1	1	0	0	0
IS9DOBB01B12Z2	1	1	0	0	0
IS9DOBB01B7DW3	1	1	0	0	0
IS9DOBB01A2JPJ	1	1	0	0	0
IS9DOBB01CNEMI	1	1	0	0	0
IS9DOBB01ER1WX	1	1	0	0	0
IS9DOBB01AFSLW	1	1	0	0	0
IS9DOBB01CRS8Q	1	1	0	0	0
IS9DOBB01AR4PV	1	1	0	0	0
IS9DOBB01C4ZRX	1	1	0	0	0
IS9DOBB01CPDNH	1	1	0	0	0
IS9DOBB01CIWIR	1	1	0	0	0
IS9DOBB01AWXB6	1	1	0	0	0
IS9DOBB01B70CI	1	1	0	0	0
IS9DOBB01EEMAR	1	1	0	0	0
IS9DOBB01CCINC	1	1	0	0	0
IS9DOBB01ASAQE	1	1	0	0	0
IS9DOBB01EOQQ6	3	3	0	0	0
IS9DOBB01BVKNI	1	1	0	0	0
IS9DOBB01CPSJT	2	2	0	0	0
IS9DOBB01CO13L	1	1	0	0	0
IS9DOBB01EU6E5	1	1	0	0	0
IS9DOBB01CGN4L	1	1	0	0	0
IS9DOBB01DM435	1	1	0	0	0
IS9DOBB01DNKCH	1	1	0	0	0
IS9DOBB01CP8NC	1	1	0	0	0
IS9DOBB01CQ2KM	2	2	0	0	0
IS9DOBB01C6MT3	1	1	0	0	0
IS9DOBB01CBMR1	1	1	0	0	0
IS9DOBB01DVWHM	1	1	0	0	0
IS9DOBB01A7CM3	1	1	0	0	0
IS9DOBB01EF90H	1	1	0	0	0
IS9DOBB01AXSFM	3	3	0	0	0
IS9DOBB01EMVTY	1	1	0	0	0
IS9DOBB01BSWCT	1	1	0	0	0
IS9DOBB01AYXYF	1	1	0	0	0
IS9DOBB01EHSUW	2	2	0	0	0
IS9DOBB01B2UY2	1	1	0	0	0
IS9DOBB01B9AWJ	1	1	0	0	0
IS9DOBB01CCYKE	2	2	0	0	0
IS9DOBB01DOSU7	1	1	0	0	0
IS9DOBB01EVPFE	2	2	0	0	0
IS9DOBB01EVTZC	1	1	0	0	0
IS9DOBB01CFF7B	1	1	0	0	0
IS9DOBB01CZUVA	1	1	0	0	0
IS9DOBB01ETPQ7	1	1	0	0	0
IS9DOBB01DWCYC	2	2	0	0	0
IS9DOBB01A2PN6	3	3	0	0	0
IS9DOBB01AIRZC	1	1	0	0	0
IS9DOBB01BTD2P	1	1	0	0	0
IS9DOBB01BNT6N	1	1	0	0	0
IS9DOBB01AUW8N	1	1	0	0	0
IS9DOBB01ELGUN	1	1	0	0	0
IS9DOBB01DWLSP	1	1	0	0	0
IS9DOBB01A68RU	1	1	0	0	0
IS9DOBB01BHZ15	1	1	0	0	0
IS9DOBB01CFWK2	3	3	0	0	0
IS9DOBB01BKD5W	1	1	0	0	0
IS9DOBB01DXJX1	1	1	0	0	0
IS9DOBB01DBS3I	1	1	0	0	0
IS9DOBB01EPWR3	1	1	0	0	0
IS9DOBB01ERMJT	1	1	0	0	0
IS9DOBB01BN2E1	1	1	0	0	0
IS9DOBB01BHWE8	1	1	0	0	0
IS9DOBB01ADUY3	1	1	0	0	0
IS9DOBB01EZIV3	1	1	0	0	0
IS9DOBB01DUZ8C	4	4	0	0	0
IS9DOBB01A4QNI	1	1	0	0	0
IS9DOBB01C2ADL	2	2	0	0	0
IS9DOBB01ANYA3	1	1	0	0	0
IS9DOBB01DRH7P	1	1	0	0	0
IS9DOBB01C5IKB	1	1	0	0	0
IS9DOBB01CD7GR	1	1	0	0	0
IS9DOBB01BK7E3	1	1	0	0	0
IS9DOBB01ENPU1	1	1	0	0	0
IS9DOBB01BB5E8	1	1	0	0	0
IS9DOBB01DGOUA	1	1	0	0	0
IS9DOBB01ANRYM	1	1	0	0	0
IS9DOBB01ELT8A	3	3	0	0	0
IS9DOBB01BWQO6	1	1	0	0	0
IS9DOBB01DWCF0	3	3	0	0	0
IS9DOBB01D6VO2	1	1	0	0	0
IS9DOBB01D1K5E	2	2	0	0	0
IS9DOBB01DQKOG	1	1	0	0	0
IS9DOBB01ELLTS	1	1	0	0	0
IS9DOBB01CDUOI	1	1	0	0	0
IS9DOBB01BJZ1W	1	1	0	0	0
IS9DOBB01C5D4J	1	1	0	0	0
IS9DOBB01D65BA	1	1	0	0	0
IS9DOBB01CEZT2	1	1	0	0	0
IS9DOBB01AX7JY	1	1	0	0	0
IS9DOBB01C2CK1	1	1	0	0	0
IS9DOBB01EKEYG	1	1	0	0	0
IS9DOBB01B8T1Q	1	1	0	0	0
IS9DOBB01CHCJG	1	1	0	0	0
IS9DOBB01DNI1P	1	1	0	0	0
IS9DOBB01ANQAS	1	1	0	0	0
IS9DOBB01DAO7P	1	1	0	0	0
IS9DOBB01EGO5W	1	1	0	0	0
IS9DOBB01B2775	1	1	0	0	0
IS9DOBB01DIJ2T	1	1	0	0	0
IS9DOBB01AQ4QV	1	1	0	0	0
IS9DOBB01CLXAV	1	1	0	0	0
IS9DOBB01D6ZXN	1	1	0	0	0
IS9DOBB01CR43V	1	1	0	0	0
IS9DOBB01AUM3V	1	1	0	0	0
IS9DOBB01BHWNU	1	1	0	0	0
IS9DOBB01C0HMR	1	1	0	0	0
IS9DOBB01DOZLU	1	1	0	0	0
IS9DOBB01CJ1O2	1	1	0	0	0
IS9DOBB01ED92W	1	1	0	0	0
IS9DOBB01DGTKZ	1	1	0	0	0
IS9DOBB01BH13T	1	1	0	0	0
IS9DOBB01DJXDQ	1	1	0	0	0
IS9DOBB01B0MCM	1	1	0	0	0
IS9DOBB01AZ8YO	1	1	0	0	0
IS9DOBB01BTCF7	1	1	0	0	0
IS9DOBB01EZ15T	1	1	0	0	0
IS9DOBB01B0XKL	1	1	0	0	0
IS9DOBB01EBR6D	1	1	0	0	0
IS9DOBB01A1CRQ	2	2	0	0	0
IS9DOBB01DP4T6	1	1	0	0	0
IS9DOBB01EL2U2	1	1	0	0	0
IS9DOBB01A6AYJ	1	1	0	0	0
IS9DOBB01CY4JM	1	1	0	0	0
IS9DOBB01D1DMY	1	1	0	0	0
IS9DOBB01DBUYE	1	1	0	0	0
IS9DOBB01EKSJ9	1	1	0	0	0
IS9DOBB01CQSX1	1	1	0	0	0
IS9DOBB01AHFYE	1	1	0	0	0
IS9DOBB01DQ3Z9	1	1	0	0	0
IS9DOBB01DJTV7	2	2	0	0	0
IS9DOBB01EKV5O	1	1	0	0	0
IS9DOBB01EGA0D	1	1	0	0	0
IS9DOBB01DRHWG	1	1	0	0	0
IS9DOBB01A3D5P	1	1	0	0	0
IS9DOBB01D5TZF	1	1	0	0	0
IS9DOBB01AIICA	1	1	0	0	0
IS9DOBB01BJKCU	1	1	0	0	0
IS9DOBB01BZB5O	1	1	0	0	0
IS9DOBB01CZ48M	1	1	0	0	0
IS9DOBB01B389Q	1	1	0	0	0
IS9DOBB01B1DZ5	1	1	0	0	0
IS9DOBB01AQEN4	1	1	0	0	0
IS9DOBB01AW0F6	2	2	0	0	0
IS9DOBB01CI8LQ	1	1	0	0	0
IS9DOBB01CN44V	1	1	0	0	0
IS9DOBB01EDN8J	1	1	0	0	0
IS9DOBB01DJ7AK	1	1	0	0	0
IS9DOBB01DECI3	1	1	0	0	0
IS9DOBB01CBJGY	1	1	0	0	0
IS9DOBB01BRERB	1	1	0	0	0
IS9DOBB01ED4RN	1	1	0	0	0
IS9DOBB01CUUL1	1	1	0	0	0
IS9DOBB01EIEGE	1	1	0	0	0
IS9DOBB01EP0N8	1	1	0	0	0
IS9DOBB01BAEE9	1	1	0	0	0
IS9DOBB01CNO1C	1	1	0	0	0
IS9DOBB01CRWNT	2	2	0	0	0
IS9DOBB01DW3M5	1	1	0	0	0
IS9DOBB01CL911	1	1	0	0	0
IS9DOBB01ELY16	1	1	0	0	0
IS9DOBB01AU2ZU	1	1	0	0	0
IS9DOBB01DCUPF	1	1	0	0	0
IS9DOBB01EHJ3X	1	1	0	0	0
IS9DOBB01DPFAX	2	2	0	0	0
IS9DOBB01DBWJK	1	1	0	0	0
IS9DOBB01AZLYX	1	1	0	0	0
IS9DOBB01DKGP0	1	1	0	0	0
IS9DOBB01BX4W6	1	1	0	0	0
IS9DOBB01C8NW5	1	1	0	0	0
IS9DOBB01EO3SZ	2	2	0	0	0
IS9DOBB01A28H4	1	1	0	0	0
IS9DOBB01BIUB9	1	1	0	0	0
IS9DOBB01A59RU	1	1	0	0	0
IS9DOBB01EJ6WN	2	2	0	0	0
IS9DOBB01BVKC0	1	1	0	0	0
IS9DOBB01BQ0IY	1	1	0	0	0
IS9DOBB01CVE6M	1	1	0	0	0
IS9DOBB01EK043	3	3	0	0	0
IS9DOBB01BKTTM	1	1	0	0	0
IS9DOBB01AMJSD	2	2	0	0	0
IS9DOBB01EIH7W	1	1	0	0	0
IS9DOBB01A3I0I	1	1	0	0	0
IS9DOBB01A1GT4	1	1	0	0	0
IS9DOBB01DS1DL	1	1	0	0	0
IS9DOBB01ETD1P	1	1	0	0	0
IS9DOBB01CYA3R	1	1	0	0	0
IS9DOBB01B50GL	1	1	0	0	0
IS9DOBB01EMKZ0	1	1	0	0	0
IS9DOBB01BUUNC	1	1	0	0	0
IS9DOBB01AO1OE	1	1	0	0	0
IS9DOBB01BBVPV	1	1	0	0	0
IS9DOBB01AEIWF	1	1	0	0	0
IS9DOBB01D4ECJ	1	1	0	0	0
IS9DOBB01BOPFK	1	1	0	0	0
IS9DOBB01C5DCX	1	1	0	0	0
IS9DOBB01ATHY0	1	1	0	0	0
IS9DOBB01EPVAN	1	1	0	0	0
IS9DOBB01C08LI	1	1	0	0	0
IS9DOBB01ENLKA	1	1	0	0	0
IS9DOBB01CAAUS	1	1	0	0	0
IS9DOBB01DBXW7	1	1	0	0	0
IS9DOBB01C8J03	1	1	0	0	0
IS9DOBB01BRQ9Y	1	1	0	0	0
IS9DOBB01A7Y8M	1	1	0	0	0
IS9DOBB01AS14L	1	1	0	0	0
IS9DOBB01AIO9F	1	1	0	0	0
IS9DOBB01EZP32	4	4	0	0	0
IS9DOBB01CP0TQ	1	1	0	0	0
IS9DOBB01EMG9T	1	1	0	0	0
IS9DOBB01EPEZK	2	2	0	0	0
IS9DOBB01B093D	1	1	0	0	0
IS9DOBB01B66O0	1	1	0	0	0
IS9DOBB01BQ7EI	1	1	0	0	0
IS9DOBB01DD0M6	1	1	0	0	0
IS9DOBB01CA3QA	1	1	0	0	0
IS9DOBB01BDW67	1	1	0	0	0
IS9DOBB01D0CF3	1	1	0	0	0
IS9DOBB01DJFSL	1	1	0	0	0
IS9DOBB01BQ7FN	1	1	0	0	0
IS9DOBB01BZZP6	1	1	0	0	0
IS9DOBB01B4OAN	1	1	0	0	0
IS9DOBB01CXHZP	1	1	0	0	0
IS9DOBB01DLI8C	1	1	0	0	0
IS9DOBB01B2RSX	1	1	0	0	0
IS9DOBB01CZXMV	1	1	0	0	0
IS9DOBB01BSF4B	1	1	0	0	0
IS9DOBB01D5ED7	1	1	0	0	0
IS9DOBB01AQYHW	1	1	0	0	0
IS9DOBB01C2KLF	1	1	0	0	0
IS9DOBB01BG9I4	1	1	0	0	0
IS9DOBB01BQZV8	3	3	0	0	0
IS9DOBB01CJ7SU	1	1	0	0	0
IS9DOBB01DYAWS	2	2	0	0	0
IS9DOBB01D0QY8	1	1	0	0	0
IS9DOBB01DZE54	1	1	0	0	0
IS9DOBB01BEKVX	1	1	0	0	0
IS9DOBB01BHFY8	1	1	0	0	0
IS9DOBB01BGZ16	1	1	0	0	0
IS9DOBB01DPSLT	1	1	0	0	0
IS9DOBB01BRCDQ	1	1	0	0	0
IS9DOBB01D0OHI	1	1	0	0	0
IS9DOBB01B2RBQ	2	2	0	0	0
IS9DOBB01B6Y3X	2	2	0	0	0
IS9DOBB01BPCEV	1	1	0	0	0
IS9DOBB01D3UIX	1	1	0	0	0
IS9DOBB01EIEPT	1	1	0	0	0
IS9DOBB01DTAQV	1	1	0	0	0
IS9DOBB01EQHJO	1	1	0	0	0
IS9DOBB01CZ41R	2	2	0	0	0
IS9DOBB01APSSB	1	1	0	0	0
IS9DOBB01BAECV	5	5	0	0	0
IS9DOBB01CFVCZ	1	1	0	0	0
IS9DOBB01CUX59	1	1	0	0	0
IS9DOBB01ATZBJ	1	1	0	0	0
IS9DOBB01B2EL4	1	1	0	0	0
IS9DOBB01DTJ3Z	1	1	0	0	0
IS9DOBB01EEI6N	1	1	0	0	0
IS9DOBB01BDEYB	2	2	0	0	0
IS9DOBB01BCWC5	1	1	0	0	0
IS9DOBB01CDXWJ	1	1	0	0	0
IS9DOBB01A4ME2	1	1	0	0	0
IS9DOBB01EM169	1	1	0	0	0
IS9DOBB01C9XJC	1	1	0	0	0
IS9DOBB01DONF8	1	1	0	0	0
IS9DOBB01EL4TA	1	1	0	0	0
IS9DOBB01ELA3D	1	1	0	0	0
IS9DOBB01EW2BD	2	2	0	0	0
IS9DOBB01ARSRU	1	1	0	0	0
IS9DOBB01BPV7A	1	1	0	0	0
IS9DOBB01DDSWH	1	1	0	0	0
IS9DOBB01D3NFX	1	1	0	0	0
IS9DOBB01D0B2G	1	1	0	0	0
IS9DOBB01E0O3F	1	1	0	0	0
IS9DOBB01D653H	1	1	0	0	0
IS9DOBB01B7XWC	1	1	0	0	0
IS9DOBB01CXK5V	1	1	0	0	0
IS9DOBB01AMCTU	1	1	0	0	0
IS9DOBB01DARQJ	1	1	0	0	0
IS9DOBB01C6KGW	4	4	0	0	0
IS9DOBB01BKKZ2	2	2	0	0	0
IS9DOBB01EB9LC	1	1	0	0	0
IS9DOBB01EQ60D	1	1	0	0	0
IS9DOBB01C4L38	1	1	0	0	0
IS9DOBB01B77A2	1	1	0	0	0
IS9DOBB01C8HNH	1	1	0	0	0
IS9DOBB01CTG2F	1	1	0	0	0
IS9DOBB01B7YVJ	1	1	0	0	0
IS9DOBB01DOF6S	1	1	0	0	0
IS9DOBB01EAXP6	1	1	0	0	0
IS9DOBB01CEU1P	1	1	0	0	0
IS9DOBB01CZY48	1	1	0	0	0
IS9DOBB01A811C	1	1	0	0	0
IS9DOBB01EHKL2	1	1	0	0	0
IS9DOBB01A9SEA	2	2	0	0	0
IS9DOBB01APEPI	1	1	0	0	0
IS9DOBB01CEGBZ	1	1	0	0	0
IS9DOBB01A8E4F	2	2	0	0	0
IS9DOBB01BOYCA	1	1	0	0	0
IS9DOBB01BLB3C	1	1	0	0	0
IS9DOBB01C5FFU	1	1	0	0	0
IS9DOBB01AZN7K	1	1	0	0	0
IS9DOBB01AH3NO	1	1	0	0	0
IS9DOBB01ADNF5	1	1	0	0	0
IS9DOBB01B8YCM	1	1	0	0	0
IS9DOBB01C68K2	1	1	0	0	0
IS9DOBB01B9H4W	3	3	0	0	0
IS9DOBB01BTLZH	1	1	0	0	0
IS9DOBB01DBR0O	1	1	0	0	0
IS9DOBB01B69QK	1	1	0	0	0
IS9DOBB01A7STY	1	1	0	0	0
IS9DOBB01EV6ZQ	1	1	0	0	0
IS9DOBB01C4WJ8	1	1	0	0	0
IS9DOBB01AHPT6	1	1	0	0	0
IS9DOBB01DAY3T	1	1	0	0	0
IS9DOBB01EVFB0	2	2	0	0	0
IS9DOBB01EY9DE	1	1	0	0	0
IS9DOBB01B6O7R	1	1	0	0	0
IS9DOBB01EZ0O2	1	1	0	0	0
IS9DOBB01BXF3X	1	1	0	0	0
IS9DOBB01CIEX7	1	1	0	0	0
IS9DOBB01EXQGB	1	1	0	0	0
IS9DOBB01AKG6C	1	1	0	0	0
IS9DOBB01C09OM	1	1	0	0	0
IS9DOBB01C4QZI	3	3	0	0	0
IS9DOBB01DEWP6	2	2	0	0	0
IS9DOBB01DJDDZ	1	1	0	0	0
IS9DOBB01DTA0P	1	1	0	0	0
IS9DOBB01BID7S	1	1	0	0	0
IS9DOBB01BO6Z8	1	1	0	0	0
IS9DOBB01CVMY0	1	1	0	0	0
IS9DOBB01DM7T6	1	1	0	0	0
IS9DOBB01DWAHS	2	2	0	0	0
IS9DOBB01EVF7M	1	1	0	0	0
IS9DOBB01AWIQ7	1	1	0	0	0
IS9DOBB01D1DZL	1	1	0	0	0
IS9DOBB01CQL2G	1	1	0	0	0
IS9DOBB01EW7UV	1	1	0	0	0
IS9DOBB01DNFIF	1	1	0	0	0
IS9DOBB01AM36J	1	1	0	0	0
IS9DOBB01BCWCH	5	5	0	0	0
IS9DOBB01CH6QA	1	1	0	0	0
IS9DOBB01D3HU5	1	1	0	0	0
IS9DOBB01B0WE6	1	1	0	0	0
IS9DOBB01EP766	1	1	0	0	0
IS9DOBB01D10FT	1	1	0	0	0
IS9DOBB01EBUYD	1	1	0	0	0
IS9DOBB01DSK4U	1	1	0	0	0
IS9DOBB01EJF2V	1	1	0	0	0
IS9DOBB01ASMCZ	1	1	0	0	0
IS9DOBB01CAESA	1	1	0	0	0
IS9DOBB01CQ3XX	1	1	0	0	0
IS9DOBB01B3XSY	1	1	0	0	0
IS9DOBB01EFK1K	1	1	0	0	0
IS9DOBB01ALZ2Z	1	1	0	0	0
IS9DOBB01DEDHX	1	1	0	0	0
IS9DOBB01AXJK4	1	1	0	0	0
IS9DOBB01AFYGV	1	1	0	0	0
IS9DOBB01D8T9S	1	1	0	0	0
IS9DOBB01AZSYH	1	1	0	0	0
IS9DOBB01EEB3R	1	1	0	0	0
IS9DOBB01CFYB8	1	1	0	0	0
IS9DOBB01CR9PN	2	2	0	0	0
IS9DOBB01C8569	1	1	0	0	0
IS9DOBB01A4Z8I	1	1	0	0	0
IS9DOBB01B3DCN	2	2	0	0	0
IS9DOBB01DY6O4	1	1	0	0	0
IS9DOBB01CJA9X	1	1	0	0	0
IS9DOBB01CT8J2	1	1	0	0	0
IS9DOBB01CWHCX	1	1	0	0	0
IS9DOBB01CUOJA	1	1	0	0	0
IS9DOBB01A12WL	1	1	0	0	0
IS9DOBB01C0P5T	1	1	0	0	0
IS9DOBB01DT5P1	1	1	0	0	0
IS9DOBB01DMSY2	1	1	0	0	0
IS9DOBB01A3XIH	1	1	0	0	0
IS9DOBB01BNLBY	1	1	0	0	0
IS9DOBB01BYDOQ	2	2	0	0	0
IS9DOBB01D78CW	1	1	0	0	0
IS9DOBB01BX0R8	2	2	0	0	0
IS9DOBB01C9WSL	1	1	0	0	0
IS9DOBB01CYMIR	1	1	0	0	0
IS9DOBB01A9199	1	1	0	0	0
IS9DOBB01EA95R	1	1	0	0	0
IS9DOBB01EA6MD	1	1	0	0	0
IS9DOBB01BK12V	1	1	0	0	0
IS9DOBB01BREJK	1	1	0	0	0
IS9DOBB01BJZA3	1	1	0	0	0
IS9DOBB01DLGHE	1	1	0	0	0
IS9DOBB01EE74W	1	1	0	0	0
IS9DOBB01B7SUQ	1	1	0	0	0
IS9DOBB01A7WZU	1	1	0	0	0
IS9DOBB01EY6CS	1	1	0	0	0
IS9DOBB01B5YRO	1	1	0	0	0
IS9DOBB01A60V5	2	2	0	0	0
IS9DOBB01EODAC	1	1	0	0	0
IS9DOBB01B73F5	1	1	0	0	0
IS9DOBB01B1SUI	1	1	0	0	0
IS9DOBB01B0YLH	2	2	0	0	0
IS9DOBB01CARII	4	4	0	0	0
IS9DOBB01D2WQJ	1	1	0	0	0
IS9DOBB01CBO9X	1	1	0	0	0
IS9DOBB01B7U2U	1	1	0	0	0
IS9DOBB01AKRE0	1	1	0	0	0
IS9DOBB01DYAEM	1	1	0	0	0
IS9DOBB01BAE67	1	1	0	0	0
IS9DOBB01DBXAW	1	1	0	0	0
IS9DOBB01EQHCD	1	1	0	0	0
IS9DOBB01A5A5Z	1	1	0	0	0
IS9DOBB01BE8Z6	1	1	0	0	0
IS9DOBB01CDHTM	1	1	0	0	0
IS9DOBB01DLWWD	1	1	0	0	0
IS9DOBB01A5E35	1	1	0	0	0
IS9DOBB01AF1VC	1	1	0	0	0
IS9DOBB01DYQL1	1	1	0	0	0
IS9DOBB01EVIXB	1	1	0	0	0
IS9DOBB01EIT9L	1	1	0	0	0
IS9DOBB01DIXQK	2	2	0	0	0
IS9DOBB01CA0L5	1	1	0	0	0
IS9DOBB01C9U9O	1	1	0	0	0
IS9DOBB01BN9L6	1	1	0	0	0
IS9DOBB01CE646	1	1	0	0	0
IS9DOBB01D9R7B	1	1	0	0	0
IS9DOBB01EQKEJ	1	1	0	0	0
IS9DOBB01AFDAV	1	1	0	0	0
IS9DOBB01BI1RR	2	2	0	0	0
IS9DOBB01A5UUU	2	2	0	0	0
IS9DOBB01DA3MT	1	1	0	0	0
IS9DOBB01EUONW	1	1	0	0	0
IS9DOBB01EW45Y	1	1	0	0	0
IS9DOBB01EQCUF	1	1	0	0	0
IS9DOBB01DXUOC	1	1	0	0	0
IS9DOBB01BBHPF	1	1	0	0	0
IS9DOBB01BMMRT	1	1	0	0	0
IS9DOBB01A70B3	1	1	0	0	0
IS9DOBB01B1P2K	1	1	0	0	0
IS9DOBB01CPOUX	1	1	0	0	0
IS9DOBB01C00LD	1	1	0	0	0
IS9DOBB01EIFW2	3	3	0	0	0
IS9DOBB01AR9OW	1	1	0	0	0
IS9DOBB01B0BX0	1	1	0	0	0
IS9DOBB01DCC1W	2	2	0	0	0
IS9DOBB01BP0IA	1	1	0	0	0
IS9DOBB01BTWS5	1	1	0	0	0
IS9DOBB01EWIJY	1	1	0	0	0
IS9DOBB01BREKD	1	1	0	0	0
IS9DOBB01DTR06	2	2	0	0	0
IS9DOBB01B35CC	1	1	0	0	0
IS9DOBB01CGG4U	1	1	0	0	0
IS9DOBB01C3189	1	1	0	0	0
IS9DOBB01DVD8U	2	2	0	0	0
IS9DOBB01EILKR	1	1	0	0	0
IS9DOBB01DH2BZ	2	2	0	0	0
IS9DOBB01DQSMR	1	1	0	0	0
IS9DOBB01BVA9A	1	1	0	0	0
IS9DOBB01B2DJ1	1	1	0	0	0
IS9DOBB01BH0SJ	1	1	0	0	0
IS9DOBB01CDBII	1	1	0	0	0
IS9DOBB01AMCK7	1	1	0	0	0
IS9DOBB01DYIFU	1	1	0	0	0
IS9DOBB01DSCIF	1	1	0	0	0
IS9DOBB01E0K0H	1	1	0	0	0
IS9DOBB01BW82T	1	1	0	0	0
IS9DOBB01BJKFK	1	1	0	0	0
IS9DOBB01A6KXM	2	2	0	0	0
IS9DOBB01B9ARA	1	1	0	0	0
IS9DOBB01CYI72	1	1	0	0	0
IS9DOBB01EUOUK	1	1	0	0	0
IS9DOBB01AT81F	1	1	0	0	0
IS9DOBB01CJAPD	1	1	0	0	0
IS9DOBB01CIBPI	1	1	0	0	0
IS9DOBB01ANLPS	1	1	0	0	0
IS9DOBB01AYX10	1	1	0	0	0
IS9DOBB01D7RM3	1	1	0	0	0
IS9DOBB01BDII8	1	1	0	0	0
IS9DOBB01CM9FL	1	1	0	0	0
IS9DOBB01CM3JM	1	1	0	0	0
IS9DOBB01AP8BL	2	2	0	0	0
IS9DOBB01ESJJ3	1	1	0	0	0
IS9DOBB01BI4ON	1	1	0	0	0
IS9DOBB01CUY2E	1	1	0	0	0
IS9DOBB01AZVNR	1	1	0	0	0
IS9DOBB01AHM5R	1	1	0	0	0
IS9DOBB01BUI0H	1	1	0	0	0
IS9DOBB01DG6P7	1	1	0	0	0
IS9DOBB01DOTZN	1	1	0	0	0
IS9DOBB01CWS3R	1	1	0	0	0
IS9DOBB01C5WQ2	2	2	0	0	0
IS9DOBB01BYY1E	1	1	0	0	0
IS9DOBB01DTHHU	1	1	0	0	0
IS9DOBB01DJJ8X	1	1	0	0	0
IS9DOBB01EU6JR	1	1	0	0	0
IS9DOBB01ALGX2	1	1	0	0	0
IS9DOBB01AYT6I	1	1	0	0	0
IS9DOBB01DNNVJ	1	1	0	0	0
IS9DOBB01AG446	1	1	0	0	0
IS9DOBB01DH3ZZ	1	1	0	0	0
IS9DOBB01BCMRI	1	1	0	0	0
IS9DOBB01BLS1A	1	1	0	0	0
IS9DOBB01CWPVT	1	1	0	0	0
IS9DOBB01DMLTV	1	1	0	0	0
IS9DOBB01BKHGC	1	1	0	0	0
IS9DOBB01CBQ64	1	1	0	0	0
IS9DOBB01A3IK5	3	3	0	0	0
IS9DOBB01AQQKQ	1	1	0	0	0
IS9DOBB01AI9GS	1	1	0	0	0
IS9DOBB01DCPG9	1	1	0	0	0
IS9DOBB01BF2MU	1	1	0	0	0
IS9DOBB01EUX0Q	2	2	0	0	0
IS9DOBB01CX79W	1	1	0	0	0
IS9DOBB01A5U1Y	1	1	0	0	0
IS9DOBB01D47LU	1	1	0	0	0
IS9DOBB01EX4BW	1	1	0	0	0
IS9DOBB01EG9KM	1	1	0	0	0
IS9DOBB01C890H	2	2	0	0	0
IS9DOBB01DPPUH	1	1	0	0	0
IS9DOBB01DU5HT	1	1	0	0	0
IS9DOBB01E2MJX	1	1	0	0	0
IS9DOBB01B18EY	1	1	0	0	0
IS9DOBB01CD3UN	1	1	0	0	0
IS9DOBB01EA9N1	1	1	0	0	0
IS9DOBB01E071Y	1	1	0	0	0
IS9DOBB01ENCJW	1	1	0	0	0
IS9DOBB01CU1YO	1	1	0	0	0
IS9DOBB01C868Z	1	1	0	0	0
IS9DOBB01CDXG4	1	1	0	0	0
IS9DOBB01DS42K	1	1	0	0	0
IS9DOBB01EOE7F	2	2	0	0	0
IS9DOBB01EHO5D	1	1	0	0	0
IS9DOBB01ATJ7Y	1	1	0	0	0
IS9DOBB01A9MI7	1	1	0	0	0
IS9DOBB01CA73N	1	1	0	0	0
IS9DOBB01CY37V	1	1	0	0	0
IS9DOBB01A5FAN	1	1	0	0	0
IS9DOBB01A50WB	1	1	0	0	0
IS9DOBB01DDQD5	1	1	0	0	0
IS9DOBB01AF5U7	1	1	0	0	0
IS9DOBB01BMQO7	1	1	0	0	0
IS9DOBB01AM6B7	1	1	0	0	0
IS9DOBB01BOTYL	1	1	0	0	0
IS9DOBB01AE46V	1	1	0	0	0
IS9DOBB01COF6T	2	2	0	0	0
IS9DOBB01B15Y4	1	1	0	0	0
IS9DOBB01BBOB1	1	1	0	0	0
IS9DOBB01CESHS	1	1	0	0	0
IS9DOBB01CD8ZO	1	1	0	0	0
IS9DOBB01EF5Z2	1	1	0	0	0
IS9DOBB01AJQ0L	1	1	0	0	0
IS9DOBB01CSERZ	1	1	0	0	0
IS9DOBB01DCOSR	1	1	0	0	0
IS9DOBB01EF3IO	1	1	0	0	0
IS9DOBB01D00MG	1	1	0	0	0
IS9DOBB01AEMZ8	1	1	0	0	0
IS9DOBB01B9NI6	1	1	0	0	0
IS9DOBB01B8N1O	1	1	0	0	0
IS9DOBB01BIOOU	1	1	0	0	0
IS9DOBB01AZWP0	1	1	0	0	0
IS9DOBB01CA4VA	1	1	0	0	0
IS9DOBB01AJORD	1	1	0	0	0
IS9DOBB01CFE5S	1	1	0	0	0
IS9DOBB01C1YO6	1	1	0	0	0
IS9DOBB01ARTBK	1	1	0	0	0
IS9DOBB01EMRSZ	1	1	0	0	0
IS9DOBB01BXQSH	1	1	0	0	0
IS9DOBB01B0156	1	1	0	0	0
IS9DOBB01B5OGS	1	1	0	0	0
IS9DOBB01CTBZ1	1	1	0	0	0
IS9DOBB01B0C1W	1	1	0	0	0
IS9DOBB01EV5U8	1	1	0	0	0
IS9DOBB01CR5VD	1	1	0	0	0
IS9DOBB01AVZKN	1	1	0	0	0
IS9DOBB01CDZPE	1	1	0	0	0
IS9DOBB01CGGFZ	2	2	0	0	0
IS9DOBB01BAY7K	2	2	0	0	0
IS9DOBB01EFBYW	1	1	0	0	0
IS9DOBB01DY7UL	1	1	0	0	0
IS9DOBB01DG0O5	1	1	0	0	0
IS9DOBB01ECH59	1	1	0	0	0
IS9DOBB01EFYR6	1	1	0	0	0
IS9DOBB01DUGSP	1	1	0	0	0
IS9DOBB01EIUB9	1	1	0	0	0
IS9DOBB01DKU8B	1	1	0	0	0
IS9DOBB01DYY6Y	1	1	0	0	0
IS9DOBB01CK1WP	1	1	0	0	0
IS9DOBB01DIQ54	2	2	0	0	0
IS9DOBB01BJ9EJ	1	1	0	0	0
IS9DOBB01BL2G2	1	1	0	0	0
IS9DOBB01DOS3C	1	1	0	0	0
IS9DOBB01CZ76Z	1	1	0	0	0
IS9DOBB01A9V6V	1	1	0	0	0
IS9DOBB01DMB3H	1	1	0	0	0
IS9DOBB01CHKFV	1	1	0	0	0
IS9DOBB01CWYTW	1	1	0	0	0
IS9DOBB01A58IO	1	1	0	0	0
IS9DOBB01DDLL0	1	1	0	0	0
IS9DOBB01C9JON	1	1	0	0	0
IS9DOBB01ATUFC	1	1	0	0	0
IS9DOBB01AHBD3	1	1	0	0	0
IS9DOBB01EY6TW	1	1	0	0	0
IS9DOBB01BRPCL	1	1	0	0	0
IS9DOBB01BL3BD	1	1	0	0	0
IS9DOBB01DDB1K	1	1	0	0	0
IS9DOBB01ELJQZ	1	1	0	0	0
IS9DOBB01A7ZK2	1	1	0	0	0
IS9DOBB01BS0YM	1	1	0	0	0
IS9DOBB01A9PNB	2	2	0	0	0
IS9DOBB01AYHVY	1	1	0	0	0
IS9DOBB01B4WV9	1	1	0	0	0
IS9DOBB01DKSR7	1	1	0	0	0
IS9DOBB01CB86T	1	1	0	0	0
IS9DOBB01DUR9Z	1	1	0	0	0
IS9DOBB01DB0NT	1	1	0	0	0
IS9DOBB01EUUYV	1	1	0	0	0
IS9DOBB01EIVCT	1	1	0	0	0
IS9DOBB01C0F1N	1	1	0	0	0
IS9DOBB01EA01A	2	2	0	0	0
IS9DOBB01ADIC7	1	1	0	0	0
IS9DOBB01DJNG3	1	1	0	0	0
IS9DOBB01DK717	1	1	0	0	0
IS9DOBB01DTCWS	1	1	0	0	0
IS9DOBB01D8EYX	1	1	0	0	0
IS9DOBB01BSCJF	1	1	0	0	0
IS9DOBB01D176S	1	1	0	0	0
IS9DOBB01EFQ9Z	1	1	0	0	0
IS9DOBB01EL3OL	1	1	0	0	0
IS9DOBB01DZ161	1	1	0	0	0
IS9DOBB01BK6V7	1	1	0	0	0
IS9DOBB01C45R1	1	1	0	0	0
IS9DOBB01BKFAK	1	1	0	0	0
IS9DOBB01EK4BL	1	1	0	0	0
IS9DOBB01C6YWZ	1	1	0	0	0
IS9DOBB01DQKVH	1	1	0	0	0
IS9DOBB01B7CWT	1	1	0	0	0
IS9DOBB01AUCV1	1	1	0	0	0
IS9DOBB01D33P9	1	1	0	0	0
IS9DOBB01DZRJG	1	1	0	0	0
IS9DOBB01A86ZG	1	1	0	0	0
IS9DOBB01CA1D3	1	1	0	0	0
IS9DOBB01BUMT7	1	1	0	0	0
IS9DOBB01DIE2Z	1	1	0	0	0
IS9DOBB01CODT6	1	1	0	0	0
IS9DOBB01EACJ7	1	1	0	0	0
IS9DOBB01BJPB0	1	1	0	0	0
IS9DOBB01D5UM3	1	1	0	0	0
IS9DOBB01CPKIS	1	1	0	0	0
IS9DOBB01AYWQY	1	1	0	0	0
IS9DOBB01C30I1	1	1	0	0	0
IS9DOBB01A7L9H	1	1	0	0	0
IS9DOBB01DBCWL	1	1	0	0	0
IS9DOBB01D5Z8Y	1	1	0	0	0
IS9DOBB01B8US1	1	1	0	0	0
IS9DOBB01A9ZJV	1	1	0	0	0
IS9DOBB01CN4Z0	1	1	0	0	0
IS9DOBB01CJF3D	1	1	0	0	0
IS9DOBB01EWS00	1	1	0	0	0
IS9DOBB01C1F7H	1	1	0	0	0
IS9DOBB01B3REL	1	1	0	0	0
IS9DOBB01D6VLX	1	1	0	0	0
IS9DOBB01BMO4A	1	1	0	0	0
IS9DOBB01B1KFB	2	2	0	0	0
IS9DOBB01B5IV9	1	1	0	0	0
IS9DOBB01EZWEB	1	1	0	0	0
IS9DOBB01EV3VO	1	1	0	0	0
IS9DOBB01B41I4	1	1	0	0	0
IS9DOBB01DWYUG	1	1	0	0	0
IS9DOBB01CBV6T	1	1	0	0	0
IS9DOBB01D80L0	1	1	0	0	0
IS9DOBB01B6T8P	1	1	0	0	0
IS9DOBB01EUBRH	1	1	0	0	0
IS9DOBB01EDYFU	1	1	0	0	0
IS9DOBB01EUQCB	1	1	0	0	0
IS9DOBB01E0N8G	1	1	0	0	0
IS9DOBB01BFZFX	1	1	0	0	0
IS9DOBB01D6DDA	1	1	0	0	0
IS9DOBB01C4WDR	1	1	0	0	0
IS9DOBB01BJ76E	1	1	0	0	0
IS9DOBB01DU62Q	1	1	0	0	0
IS9DOBB01BE871	1	1	0	0	0
IS9DOBB01CI6YO	1	1	0	0	0
IS9DOBB01A57IH	1	1	0	0	0
IS9DOBB01DLEB4	1	1	0	0	0
IS9DOBB01B3K6W	1	1	0	0	0
IS9DOBB01D5UP3	1	1	0	0	0
IS9DOBB01DI7KS	1	1	0	0	0
IS9DOBB01B3IUM	2	2	0	0	0
IS9DOBB01DLT4M	1	1	0	0	0
IS9DOBB01C2K25	1	1	0	0	0
IS9DOBB01BMZKG	1	1	0	0	0
IS9DOBB01DNSDQ	1	1	0	0	0
IS9DOBB01DHLZA	1	1	0	0	0
IS9DOBB01BL05I	1	1	0	0	0
IS9DOBB01EIJWO	1	1	0	0	0
IS9DOBB01DOS0B	1	1	0	0	0
IS9DOBB01CGBT2	1	1	0	0	0
IS9DOBB01AUO78	1	1	0	0	0
IS9DOBB01BMZ1P	1	1	0	0	0
IS9DOBB01EFXCA	1	1	0	0	0
IS9DOBB01BV6HR	1	1	0	0	0
IS9DOBB01B18V6	2	2	0	0	0
IS9DOBB01BXVSN	1	1	0	0	0
IS9DOBB01D9SWO	1	1	0	0	0
IS9DOBB01ED4F0	1	1	0	0	0
IS9DOBB01CYJ6N	1	1	0	0	0
IS9DOBB01AFX0S	1	1	0	0	0
IS9DOBB01BFQ6M	1	1	0	0	0
IS9DOBB01C83O1	1	1	0	0	0
IS9DOBB01AWQ47	1	1	0	0	0
IS9DOBB01DNXS4	1	1	0	0	0
IS9DOBB01C3EPE	1	1	0	0	0
IS9DOBB01AM0ED	1	1	0	0	0
IS9DOBB01A0MJO	1	1	0	0	0
IS9DOBB01BQ9FZ	1	1	0	0	0
IS9DOBB01A0K65	1	1	0	0	0
IS9DOBB01BOMKK	1	1	0	0	0
IS9DOBB01CD7QK	1	1	0	0	0
IS9DOBB01EMVFJ	1	1	0	0	0
IS9DOBB01A9ZRY	1	1	0	0	0
IS9DOBB01BQ5DS	1	1	0	0	0
IS9DOBB01DGKGM	1	1	0	0	0
IS9DOBB01CSNZE	1	1	0	0	0
IS9DOBB01DHJPF	1	1	0	0	0
IS9DOBB01BED7L	1	1	0	0	0
IS9DOBB01DL6N9	1	1	0	0	0
IS9DOBB01AHAAH	1	1	0	0	0
IS9DOBB01EXRKB	1	1	0	0	0
IS9DOBB01BW3J7	1	1	0	0	0
IS9DOBB01BISOU	1	1	0	0	0
IS9DOBB01CXP8L	1	1	0	0	0
IS9DOBB01ET9NV	1	1	0	0	0
IS9DOBB01BS0ZZ	1	1	0	0	0
IS9DOBB01AUWS2	1	1	0	0	0
IS9DOBB01CULGX	1	1	0	0	0
IS9DOBB01BC5H0	1	1	0	0	0
IS9DOBB01EWAC6	1	1	0	0	0
IS9DOBB01A1TVV	1	1	0	0	0
IS9DOBB01DV7V1	1	1	0	0	0
IS9DOBB01CN0ZD	1	1	0	0	0
IS9DOBB01EWUL9	1	1	0	0	0
IS9DOBB01C9Z00	1	1	0	0	0
IS9DOBB01CUCNR	1	1	0	0	0
IS9DOBB01BWQAK	1	1	0	0	0
IS9DOBB01EFHE8	1	1	0	0	0
IS9DOBB01B8U2S	1	1	0	0	0
IS9DOBB01EB89N	1	1	0	0	0
IS9DOBB01BDOZ2	1	1	0	0	0
IS9DOBB01CXSKP	1	1	0	0	0
IS9DOBB01A5YPF	1	1	0	0	0
IS9DOBB01ETZ9V	1	1	0	0	0
IS9DOBB01BJXEC	1	1	0	0	0
IS9DOBB01BJ424	1	1	0	0	0
IS9DOBB01B2485	1	1	0	0	0
IS9DOBB01D2WU5	1	1	0	0	0
IS9DOBB01D3KWF	1	1	0	0	0
IS9DOBB01AOUCI	1	1	0	0	0
IS9DOBB01AWKVG	1	1	0	0	0
IS9DOBB01DEDU2	1	1	0	0	0
IS9DOBB01BMMNI	1	1	0	0	0
IS9DOBB01ALHP3	1	1	0	0	0
IS9DOBB01CBQVI	1	1	0	0	0
IS9DOBB01EJY26	1	1	0	0	0
IS9DOBB01AKZBY	1	1	0	0	0
IS9DOBB01DPBBH	1	1	0	0	0
IS9DOBB01CTEBD	1	1	0	0	0
IS9DOBB01EYWYU	1	1	0	0	0
IS9DOBB01D9AA1	1	1	0	0	0
IS9DOBB01DRP2B	1	1	0	0	0
IS9DOBB01DAQON	1	1	0	0	0
IS9DOBB01EPVNH	1	1	0	0	0
IS9DOBB01C4CNP	1	1	0	0	0
IS9DOBB01C83ZO	1	1	0	0	0
IS9DOBB01EVN0Q	1	1	0	0	0
IS9DOBB01CDXT2	1	1	0	0	0
IS9DOBB01CEYYK	1	1	0	0	0
IS9DOBB01EHB0U	1	1	0	0	0
IS9DOBB01AI3WR	1	1	0	0	0
IS9DOBB01BS0PI	1	1	0	0	0
IS9DOBB01AEGKY	1	1	0	0	0
IS9DOBB01C2VAG	1	1	0	0	0
IS9DOBB01AJEMM	1	1	0	0	0
IS9DOBB01C4YWL	1	1	0	0	0
IS9DOBB01ETOSW	1	1	0	0	0
IS9DOBB01CPVMV	1	1	0	0	0
IS9DOBB01B6NMM	1	1	0	0	0
IS9DOBB01C7YBQ	1	1	0	0	0
IS9DOBB01AXXTN	1	1	0	0	0
IS9DOBB01EV0RY	1	1	0	0	0
IS9DOBB01EP7MW	1	1	0	0	0
IS9DOBB01BR9G8	1	1	0	0	0
IS9DOBB01BNQ4S	1	1	0	0	0
IS9DOBB01CSGEB	1	1	0	0	0
IS9DOBB01B6WDV	1	1	0	0	0
IS9DOBB01BI8ZV	1	1	0	0	0
IS9DOBB01AM3LL	1	1	0	0	0
IS9DOBB01ESUR6	1	1	0	0	0
IS9DOBB01BHDN0	1	1	0	0	0
IS9DOBB01CI28T	1	1	0	0	0
IS9DOBB01AXV4Y	1	1	0	0	0
IS9DOBB01B2CQ6	1	1	0	0	0
IS9DOBB01B3J2J	1	1	0	0	0
IS9DOBB01AHZBF	1	1	0	0	0
IS9DOBB01BHF46	1	1	0	0	0
IS9DOBB01ATESG	1	1	0	0	0
IS9DOBB01D9PZV	1	1	0	0	0
IS9DOBB01DW5BG	1	1	0	0	0
IS9DOBB01DWI1Q	1	1	0	0	0
IS9DOBB01ESOPW	1	1	0	0	0
IS9DOBB01AKF3F	1	1	0	0	0
IS9DOBB01A83QM	1	1	0	0	0
IS9DOBB01E0QRY	1	1	0	0	0
IS9DOBB01CS4CL	1	1	0	0	0
IS9DOBB01AQ3MC	1	1	0	0	0
IS9DOBB01CSQ6I	1	1	0	0	0
IS9DOBB01CICAK	1	1	0	0	0
IS9DOBB01AQRR0	1	1	0	0	0
IS9DOBB01EGD9A	1	1	0	0	0
IS9DOBB01EZI6K	1	1	0	0	0
IS9DOBB01AZWGE	1	1	0	0	0
IS9DOBB01A01F2	1	1	0	0	0
IS9DOBB01CAUDW	1	1	0	0	0
IS9DOBB01D0XYT	1	1	0	0	0
IS9DOBB01CKCVR	1	1	0	0	0
IS9DOBB01D8AGN	1	1	0	0	0
IS9DOBB01BB4CC	1	1	0	0	0
IS9DOBB01CZP29	1	1	0	0	0
IS9DOBB01D2CSE	1	1	0	0	0
IS9DOBB01DDQWJ	1	1	0	0	0
